STUDENT_ID,SCHEMA_ID,ARTEFACT_DIMENSION,ALGORITHM_DIMENSION,AGE_CATEGORY,AGE,GENDER,SESSION_ID,HARMOS_GRADE,SCHOOL_ID,CAT_SCORE,DOMAIN,CANTON_NAME
1,1,2,1,From 10 to 13 years old,13,Male,2.0,9,C,3,Unplugged,Ticino (TI)
1,2,2,1,From 10 to 13 years old,13,Male,2.0,9,C,3,Unplugged,Ticino (TI)
1,3,1,1,From 10 to 13 years old,13,Male,2.0,9,C,2,Unplugged,Ticino (TI)
1,4,2,1,From 10 to 13 years old,13,Male,2.0,9,C,3,Unplugged,Ticino (TI)
1,5,2,1,From 10 to 13 years old,13,Male,2.0,9,C,3,Unplugged,Ticino (TI)
1,6,2,1,From 10 to 13 years old,13,Male,2.0,9,C,3,Unplugged,Ticino (TI)
1,7,2,2,From 10 to 13 years old,13,Male,2.0,9,C,4,Unplugged,Ticino (TI)
1,8,1,0,From 10 to 13 years old,13,Male,2.0,9,C,1,Unplugged,Ticino (TI)
1,9,2,0,From 10 to 13 years old,13,Male,2.0,9,C,2,Unplugged,Ticino (TI)
1,10,2,0,From 10 to 13 years old,13,Male,2.0,9,C,2,Unplugged,Ticino (TI)
1,11,2,0,From 10 to 13 years old,13,Male,2.0,9,C,2,Unplugged,Ticino (TI)
1,12,2,0,From 10 to 13 years old,13,Male,2.0,9,C,2,Unplugged,Ticino (TI)
2,1,2,1,From 10 to 13 years old,12,Female,2.0,9,C,3,Unplugged,Ticino (TI)
2,2,2,1,From 10 to 13 years old,12,Female,2.0,9,C,3,Unplugged,Ticino (TI)
2,3,2,1,From 10 to 13 years old,12,Female,2.0,9,C,3,Unplugged,Ticino (TI)
2,4,2,1,From 10 to 13 years old,12,Female,2.0,9,C,3,Unplugged,Ticino (TI)
2,5,2,1,From 10 to 13 years old,12,Female,2.0,9,C,3,Unplugged,Ticino (TI)
2,6,2,1,From 10 to 13 years old,12,Female,2.0,9,C,3,Unplugged,Ticino (TI)
2,7,2,0,From 10 to 13 years old,12,Female,2.0,9,C,2,Unplugged,Ticino (TI)
2,8,2,0,From 10 to 13 years old,12,Female,2.0,9,C,2,Unplugged,Ticino (TI)
2,9,2,0,From 10 to 13 years old,12,Female,2.0,9,C,2,Unplugged,Ticino (TI)
2,10,2,2,From 10 to 13 years old,12,Female,2.0,9,C,4,Unplugged,Ticino (TI)
2,11,2,2,From 10 to 13 years old,12,Female,2.0,9,C,4,Unplugged,Ticino (TI)
2,12,2,0,From 10 to 13 years old,12,Female,2.0,9,C,2,Unplugged,Ticino (TI)
3,1,2,1,From 10 to 13 years old,12,Male,2.0,9,C,3,Unplugged,Ticino (TI)
3,2,2,1,From 10 to 13 years old,12,Male,2.0,9,C,3,Unplugged,Ticino (TI)
3,3,2,1,From 10 to 13 years old,12,Male,2.0,9,C,3,Unplugged,Ticino (TI)
3,4,2,1,From 10 to 13 years old,12,Male,2.0,9,C,3,Unplugged,Ticino (TI)
3,5,2,1,From 10 to 13 years old,12,Male,2.0,9,C,3,Unplugged,Ticino (TI)
3,6,2,1,From 10 to 13 years old,12,Male,2.0,9,C,3,Unplugged,Ticino (TI)
3,7,2,2,From 10 to 13 years old,12,Male,2.0,9,C,4,Unplugged,Ticino (TI)
3,8,2,2,From 10 to 13 years old,12,Male,2.0,9,C,4,Unplugged,Ticino (TI)
3,9,2,2,From 10 to 13 years old,12,Male,2.0,9,C,4,Unplugged,Ticino (TI)
3,10,2,1,From 10 to 13 years old,12,Male,2.0,9,C,3,Unplugged,Ticino (TI)
3,11,2,1,From 10 to 13 years old,12,Male,2.0,9,C,3,Unplugged,Ticino (TI)
3,12,2,0,From 10 to 13 years old,12,Male,2.0,9,C,2,Unplugged,Ticino (TI)
4,1,2,1,From 10 to 13 years old,13,Male,2.0,9,C,3,Unplugged,Ticino (TI)
4,2,2,1,From 10 to 13 years old,13,Male,2.0,9,C,3,Unplugged,Ticino (TI)
4,3,2,2,From 10 to 13 years old,13,Male,2.0,9,C,4,Unplugged,Ticino (TI)
4,4,2,1,From 10 to 13 years old,13,Male,2.0,9,C,3,Unplugged,Ticino (TI)
4,5,2,1,From 10 to 13 years old,13,Male,2.0,9,C,3,Unplugged,Ticino (TI)
4,6,2,1,From 10 to 13 years old,13,Male,2.0,9,C,3,Unplugged,Ticino (TI)
4,7,2,2,From 10 to 13 years old,13,Male,2.0,9,C,4,Unplugged,Ticino (TI)
4,8,2,2,From 10 to 13 years old,13,Male,2.0,9,C,4,Unplugged,Ticino (TI)
4,9,2,2,From 10 to 13 years old,13,Male,2.0,9,C,4,Unplugged,Ticino (TI)
4,10,2,1,From 10 to 13 years old,13,Male,2.0,9,C,3,Unplugged,Ticino (TI)
4,11,2,1,From 10 to 13 years old,13,Male,2.0,9,C,3,Unplugged,Ticino (TI)
4,12,2,0,From 10 to 13 years old,13,Male,2.0,9,C,2,Unplugged,Ticino (TI)
5,1,2,1,From 10 to 13 years old,13,Female,2.0,9,C,3,Unplugged,Ticino (TI)
5,2,2,1,From 10 to 13 years old,13,Female,2.0,9,C,3,Unplugged,Ticino (TI)
5,3,2,1,From 10 to 13 years old,13,Female,2.0,9,C,3,Unplugged,Ticino (TI)
5,4,2,1,From 10 to 13 years old,13,Female,2.0,9,C,3,Unplugged,Ticino (TI)
5,5,2,1,From 10 to 13 years old,13,Female,2.0,9,C,3,Unplugged,Ticino (TI)
5,6,1,1,From 10 to 13 years old,13,Female,2.0,9,C,2,Unplugged,Ticino (TI)
5,7,2,2,From 10 to 13 years old,13,Female,2.0,9,C,4,Unplugged,Ticino (TI)
5,8,2,2,From 10 to 13 years old,13,Female,2.0,9,C,4,Unplugged,Ticino (TI)
5,9,2,2,From 10 to 13 years old,13,Female,2.0,9,C,4,Unplugged,Ticino (TI)
5,10,2,1,From 10 to 13 years old,13,Female,2.0,9,C,3,Unplugged,Ticino (TI)
5,11,2,0,From 10 to 13 years old,13,Female,2.0,9,C,2,Unplugged,Ticino (TI)
5,12,2,0,From 10 to 13 years old,13,Female,2.0,9,C,2,Unplugged,Ticino (TI)
6,1,2,1,From 10 to 13 years old,13,Male,2.0,9,C,3,Unplugged,Ticino (TI)
6,2,2,1,From 10 to 13 years old,13,Male,2.0,9,C,3,Unplugged,Ticino (TI)
6,3,2,1,From 10 to 13 years old,13,Male,2.0,9,C,3,Unplugged,Ticino (TI)
6,4,2,1,From 10 to 13 years old,13,Male,2.0,9,C,3,Unplugged,Ticino (TI)
6,5,2,1,From 10 to 13 years old,13,Male,2.0,9,C,3,Unplugged,Ticino (TI)
6,6,2,1,From 10 to 13 years old,13,Male,2.0,9,C,3,Unplugged,Ticino (TI)
6,7,2,0,From 10 to 13 years old,13,Male,2.0,9,C,2,Unplugged,Ticino (TI)
6,8,2,0,From 10 to 13 years old,13,Male,2.0,9,C,2,Unplugged,Ticino (TI)
6,9,2,0,From 10 to 13 years old,13,Male,2.0,9,C,2,Unplugged,Ticino (TI)
6,10,2,1,From 10 to 13 years old,13,Male,2.0,9,C,3,Unplugged,Ticino (TI)
6,11,2,1,From 10 to 13 years old,13,Male,2.0,9,C,3,Unplugged,Ticino (TI)
6,12,2,0,From 10 to 13 years old,13,Male,2.0,9,C,2,Unplugged,Ticino (TI)
7,1,2,1,From 10 to 13 years old,12,Female,2.0,9,C,3,Unplugged,Ticino (TI)
7,2,2,1,From 10 to 13 years old,12,Female,2.0,9,C,3,Unplugged,Ticino (TI)
7,3,2,1,From 10 to 13 years old,12,Female,2.0,9,C,3,Unplugged,Ticino (TI)
7,4,2,1,From 10 to 13 years old,12,Female,2.0,9,C,3,Unplugged,Ticino (TI)
7,5,2,1,From 10 to 13 years old,12,Female,2.0,9,C,3,Unplugged,Ticino (TI)
7,6,2,1,From 10 to 13 years old,12,Female,2.0,9,C,3,Unplugged,Ticino (TI)
7,7,2,2,From 10 to 13 years old,12,Female,2.0,9,C,4,Unplugged,Ticino (TI)
7,8,2,2,From 10 to 13 years old,12,Female,2.0,9,C,4,Unplugged,Ticino (TI)
7,9,2,2,From 10 to 13 years old,12,Female,2.0,9,C,4,Unplugged,Ticino (TI)
7,10,2,2,From 10 to 13 years old,12,Female,2.0,9,C,4,Unplugged,Ticino (TI)
7,11,2,2,From 10 to 13 years old,12,Female,2.0,9,C,4,Unplugged,Ticino (TI)
7,12,2,0,From 10 to 13 years old,12,Female,2.0,9,C,2,Unplugged,Ticino (TI)
8,1,2,1,From 10 to 13 years old,12,Female,2.0,9,C,3,Unplugged,Ticino (TI)
8,2,2,1,From 10 to 13 years old,12,Female,2.0,9,C,3,Unplugged,Ticino (TI)
8,3,2,1,From 10 to 13 years old,12,Female,2.0,9,C,3,Unplugged,Ticino (TI)
8,4,2,1,From 10 to 13 years old,12,Female,2.0,9,C,3,Unplugged,Ticino (TI)
8,5,2,1,From 10 to 13 years old,12,Female,2.0,9,C,3,Unplugged,Ticino (TI)
8,6,2,1,From 10 to 13 years old,12,Female,2.0,9,C,3,Unplugged,Ticino (TI)
8,7,2,0,From 10 to 13 years old,12,Female,2.0,9,C,2,Unplugged,Ticino (TI)
8,8,2,0,From 10 to 13 years old,12,Female,2.0,9,C,2,Unplugged,Ticino (TI)
8,9,2,2,From 10 to 13 years old,12,Female,2.0,9,C,4,Unplugged,Ticino (TI)
8,10,2,2,From 10 to 13 years old,12,Female,2.0,9,C,4,Unplugged,Ticino (TI)
8,11,2,2,From 10 to 13 years old,12,Female,2.0,9,C,4,Unplugged,Ticino (TI)
8,12,2,0,From 10 to 13 years old,12,Female,2.0,9,C,2,Unplugged,Ticino (TI)
9,1,2,2,From 10 to 13 years old,13,Female,2.0,9,C,4,Unplugged,Ticino (TI)
9,2,1,1,From 10 to 13 years old,13,Female,2.0,9,C,2,Unplugged,Ticino (TI)
9,3,2,1,From 10 to 13 years old,13,Female,2.0,9,C,3,Unplugged,Ticino (TI)
9,4,2,1,From 10 to 13 years old,13,Female,2.0,9,C,3,Unplugged,Ticino (TI)
9,5,2,1,From 10 to 13 years old,13,Female,2.0,9,C,3,Unplugged,Ticino (TI)
9,6,2,1,From 10 to 13 years old,13,Female,2.0,9,C,3,Unplugged,Ticino (TI)
9,7,1,2,From 10 to 13 years old,13,Female,2.0,9,C,3,Unplugged,Ticino (TI)
9,8,2,2,From 10 to 13 years old,13,Female,2.0,9,C,4,Unplugged,Ticino (TI)
9,9,2,2,From 10 to 13 years old,13,Female,2.0,9,C,4,Unplugged,Ticino (TI)
9,10,1,1,From 10 to 13 years old,13,Female,2.0,9,C,2,Unplugged,Ticino (TI)
9,11,1,1,From 10 to 13 years old,13,Female,2.0,9,C,2,Unplugged,Ticino (TI)
9,12,2,0,From 10 to 13 years old,13,Female,2.0,9,C,2,Unplugged,Ticino (TI)
10,1,2,1,From 10 to 13 years old,12,Male,2.0,9,C,3,Unplugged,Ticino (TI)
10,2,2,1,From 10 to 13 years old,12,Male,2.0,9,C,3,Unplugged,Ticino (TI)
10,3,2,1,From 10 to 13 years old,12,Male,2.0,9,C,3,Unplugged,Ticino (TI)
10,4,2,1,From 10 to 13 years old,12,Male,2.0,9,C,3,Unplugged,Ticino (TI)
10,5,2,1,From 10 to 13 years old,12,Male,2.0,9,C,3,Unplugged,Ticino (TI)
10,6,2,1,From 10 to 13 years old,12,Male,2.0,9,C,3,Unplugged,Ticino (TI)
10,7,2,2,From 10 to 13 years old,12,Male,2.0,9,C,4,Unplugged,Ticino (TI)
10,8,2,2,From 10 to 13 years old,12,Male,2.0,9,C,4,Unplugged,Ticino (TI)
10,9,2,2,From 10 to 13 years old,12,Male,2.0,9,C,4,Unplugged,Ticino (TI)
10,10,2,2,From 10 to 13 years old,12,Male,2.0,9,C,4,Unplugged,Ticino (TI)
10,11,2,2,From 10 to 13 years old,12,Male,2.0,9,C,4,Unplugged,Ticino (TI)
10,12,2,0,From 10 to 13 years old,12,Male,2.0,9,C,2,Unplugged,Ticino (TI)
11,1,2,2,From 10 to 13 years old,12,Male,2.0,9,C,4,Unplugged,Ticino (TI)
11,2,1,2,From 10 to 13 years old,12,Male,2.0,9,C,3,Unplugged,Ticino (TI)
11,3,1,2,From 10 to 13 years old,12,Male,2.0,9,C,3,Unplugged,Ticino (TI)
11,4,1,1,From 10 to 13 years old,12,Male,2.0,9,C,2,Unplugged,Ticino (TI)
11,5,1,1,From 10 to 13 years old,12,Male,2.0,9,C,2,Unplugged,Ticino (TI)
11,6,1,1,From 10 to 13 years old,12,Male,2.0,9,C,2,Unplugged,Ticino (TI)
11,7,1,2,From 10 to 13 years old,12,Male,2.0,9,C,3,Unplugged,Ticino (TI)
11,8,1,2,From 10 to 13 years old,12,Male,2.0,9,C,3,Unplugged,Ticino (TI)
11,9,1,0,From 10 to 13 years old,12,Male,2.0,9,C,1,Unplugged,Ticino (TI)
11,10,1,2,From 10 to 13 years old,12,Male,2.0,9,C,3,Unplugged,Ticino (TI)
11,11,1,2,From 10 to 13 years old,12,Male,2.0,9,C,3,Unplugged,Ticino (TI)
11,12,1,0,From 10 to 13 years old,12,Male,2.0,9,C,1,Unplugged,Ticino (TI)
12,1,2,1,From 10 to 13 years old,12,Female,2.0,9,C,3,Unplugged,Ticino (TI)
12,2,2,1,From 10 to 13 years old,12,Female,2.0,9,C,3,Unplugged,Ticino (TI)
12,3,1,1,From 10 to 13 years old,12,Female,2.0,9,C,2,Unplugged,Ticino (TI)
12,4,1,1,From 10 to 13 years old,12,Female,2.0,9,C,2,Unplugged,Ticino (TI)
12,5,1,1,From 10 to 13 years old,12,Female,2.0,9,C,2,Unplugged,Ticino (TI)
12,6,1,1,From 10 to 13 years old,12,Female,2.0,9,C,2,Unplugged,Ticino (TI)
12,7,1,1,From 10 to 13 years old,12,Female,2.0,9,C,2,Unplugged,Ticino (TI)
12,8,1,1,From 10 to 13 years old,12,Female,2.0,9,C,2,Unplugged,Ticino (TI)
12,9,1,2,From 10 to 13 years old,12,Female,2.0,9,C,3,Unplugged,Ticino (TI)
12,10,1,1,From 10 to 13 years old,12,Female,2.0,9,C,2,Unplugged,Ticino (TI)
12,11,1,1,From 10 to 13 years old,12,Female,2.0,9,C,2,Unplugged,Ticino (TI)
12,12,1,1,From 10 to 13 years old,12,Female,2.0,9,C,2,Unplugged,Ticino (TI)
13,1,2,1,From 10 to 13 years old,13,Female,2.0,9,C,3,Unplugged,Ticino (TI)
13,2,1,1,From 10 to 13 years old,13,Female,2.0,9,C,2,Unplugged,Ticino (TI)
13,3,1,1,From 10 to 13 years old,13,Female,2.0,9,C,2,Unplugged,Ticino (TI)
13,4,1,1,From 10 to 13 years old,13,Female,2.0,9,C,2,Unplugged,Ticino (TI)
13,5,2,1,From 10 to 13 years old,13,Female,2.0,9,C,3,Unplugged,Ticino (TI)
13,6,1,1,From 10 to 13 years old,13,Female,2.0,9,C,2,Unplugged,Ticino (TI)
13,7,2,0,From 10 to 13 years old,13,Female,2.0,9,C,2,Unplugged,Ticino (TI)
13,8,2,0,From 10 to 13 years old,13,Female,2.0,9,C,2,Unplugged,Ticino (TI)
13,9,2,0,From 10 to 13 years old,13,Female,2.0,9,C,2,Unplugged,Ticino (TI)
13,10,2,2,From 10 to 13 years old,13,Female,2.0,9,C,4,Unplugged,Ticino (TI)
13,11,2,2,From 10 to 13 years old,13,Female,2.0,9,C,4,Unplugged,Ticino (TI)
13,12,2,0,From 10 to 13 years old,13,Female,2.0,9,C,2,Unplugged,Ticino (TI)
14,1,2,1,From 10 to 13 years old,13,Male,2.0,9,C,3,Unplugged,Ticino (TI)
14,2,2,1,From 10 to 13 years old,13,Male,2.0,9,C,3,Unplugged,Ticino (TI)
14,3,2,1,From 10 to 13 years old,13,Male,2.0,9,C,3,Unplugged,Ticino (TI)
14,4,2,1,From 10 to 13 years old,13,Male,2.0,9,C,3,Unplugged,Ticino (TI)
14,5,2,1,From 10 to 13 years old,13,Male,2.0,9,C,3,Unplugged,Ticino (TI)
14,6,2,1,From 10 to 13 years old,13,Male,2.0,9,C,3,Unplugged,Ticino (TI)
14,7,1,2,From 10 to 13 years old,13,Male,2.0,9,C,3,Unplugged,Ticino (TI)
14,8,1,2,From 10 to 13 years old,13,Male,2.0,9,C,3,Unplugged,Ticino (TI)
14,9,1,2,From 10 to 13 years old,13,Male,2.0,9,C,3,Unplugged,Ticino (TI)
14,10,1,2,From 10 to 13 years old,13,Male,2.0,9,C,3,Unplugged,Ticino (TI)
14,11,1,2,From 10 to 13 years old,13,Male,2.0,9,C,3,Unplugged,Ticino (TI)
14,12,1,1,From 10 to 13 years old,13,Male,2.0,9,C,2,Unplugged,Ticino (TI)
15,1,2,1,From 10 to 13 years old,13,Female,2.0,9,C,3,Unplugged,Ticino (TI)
15,2,2,1,From 10 to 13 years old,13,Female,2.0,9,C,3,Unplugged,Ticino (TI)
15,3,2,2,From 10 to 13 years old,13,Female,2.0,9,C,4,Unplugged,Ticino (TI)
15,4,2,1,From 10 to 13 years old,13,Female,2.0,9,C,3,Unplugged,Ticino (TI)
15,5,2,1,From 10 to 13 years old,13,Female,2.0,9,C,3,Unplugged,Ticino (TI)
15,6,2,1,From 10 to 13 years old,13,Female,2.0,9,C,3,Unplugged,Ticino (TI)
15,7,2,1,From 10 to 13 years old,13,Female,2.0,9,C,3,Unplugged,Ticino (TI)
15,8,2,0,From 10 to 13 years old,13,Female,2.0,9,C,2,Unplugged,Ticino (TI)
15,9,2,0,From 10 to 13 years old,13,Female,2.0,9,C,2,Unplugged,Ticino (TI)
15,10,2,2,From 10 to 13 years old,13,Female,2.0,9,C,4,Unplugged,Ticino (TI)
15,11,2,2,From 10 to 13 years old,13,Female,2.0,9,C,4,Unplugged,Ticino (TI)
15,12,2,0,From 10 to 13 years old,13,Female,2.0,9,C,2,Unplugged,Ticino (TI)
16,1,2,1,From 14 to 16 years old,14,Female,3.0,11,C,3,Unplugged,Ticino (TI)
16,2,2,1,From 14 to 16 years old,14,Female,3.0,11,C,3,Unplugged,Ticino (TI)
16,3,2,2,From 14 to 16 years old,14,Female,3.0,11,C,4,Unplugged,Ticino (TI)
16,4,2,2,From 14 to 16 years old,14,Female,3.0,11,C,4,Unplugged,Ticino (TI)
16,5,2,1,From 14 to 16 years old,14,Female,3.0,11,C,3,Unplugged,Ticino (TI)
16,6,2,1,From 14 to 16 years old,14,Female,3.0,11,C,3,Unplugged,Ticino (TI)
16,7,2,2,From 14 to 16 years old,14,Female,3.0,11,C,4,Unplugged,Ticino (TI)
16,8,2,2,From 14 to 16 years old,14,Female,3.0,11,C,4,Unplugged,Ticino (TI)
16,9,2,2,From 14 to 16 years old,14,Female,3.0,11,C,4,Unplugged,Ticino (TI)
16,10,2,2,From 14 to 16 years old,14,Female,3.0,11,C,4,Unplugged,Ticino (TI)
16,11,2,1,From 14 to 16 years old,14,Female,3.0,11,C,3,Unplugged,Ticino (TI)
16,12,2,1,From 14 to 16 years old,14,Female,3.0,11,C,3,Unplugged,Ticino (TI)
17,1,2,1,From 14 to 16 years old,14,Female,3.0,11,C,3,Unplugged,Ticino (TI)
17,2,2,1,From 14 to 16 years old,14,Female,3.0,11,C,3,Unplugged,Ticino (TI)
17,3,2,2,From 14 to 16 years old,14,Female,3.0,11,C,4,Unplugged,Ticino (TI)
17,4,2,2,From 14 to 16 years old,14,Female,3.0,11,C,4,Unplugged,Ticino (TI)
17,5,2,1,From 14 to 16 years old,14,Female,3.0,11,C,3,Unplugged,Ticino (TI)
17,6,2,1,From 14 to 16 years old,14,Female,3.0,11,C,3,Unplugged,Ticino (TI)
17,7,2,2,From 14 to 16 years old,14,Female,3.0,11,C,4,Unplugged,Ticino (TI)
17,8,2,2,From 14 to 16 years old,14,Female,3.0,11,C,4,Unplugged,Ticino (TI)
17,9,2,2,From 14 to 16 years old,14,Female,3.0,11,C,4,Unplugged,Ticino (TI)
17,10,2,1,From 14 to 16 years old,14,Female,3.0,11,C,3,Unplugged,Ticino (TI)
17,11,2,1,From 14 to 16 years old,14,Female,3.0,11,C,3,Unplugged,Ticino (TI)
17,12,2,0,From 14 to 16 years old,14,Female,3.0,11,C,2,Unplugged,Ticino (TI)
18,1,2,1,From 14 to 16 years old,14,Female,3.0,11,C,3,Unplugged,Ticino (TI)
18,2,2,1,From 14 to 16 years old,14,Female,3.0,11,C,3,Unplugged,Ticino (TI)
18,3,2,1,From 14 to 16 years old,14,Female,3.0,11,C,3,Unplugged,Ticino (TI)
18,4,2,1,From 14 to 16 years old,14,Female,3.0,11,C,3,Unplugged,Ticino (TI)
18,5,2,1,From 14 to 16 years old,14,Female,3.0,11,C,3,Unplugged,Ticino (TI)
18,6,2,1,From 14 to 16 years old,14,Female,3.0,11,C,3,Unplugged,Ticino (TI)
18,7,2,2,From 14 to 16 years old,14,Female,3.0,11,C,4,Unplugged,Ticino (TI)
18,8,2,2,From 14 to 16 years old,14,Female,3.0,11,C,4,Unplugged,Ticino (TI)
18,9,2,2,From 14 to 16 years old,14,Female,3.0,11,C,4,Unplugged,Ticino (TI)
18,10,2,1,From 14 to 16 years old,14,Female,3.0,11,C,3,Unplugged,Ticino (TI)
18,11,2,1,From 14 to 16 years old,14,Female,3.0,11,C,3,Unplugged,Ticino (TI)
18,12,2,0,From 14 to 16 years old,14,Female,3.0,11,C,2,Unplugged,Ticino (TI)
19,1,2,1,From 14 to 16 years old,15,Male,3.0,11,C,3,Unplugged,Ticino (TI)
19,2,2,1,From 14 to 16 years old,15,Male,3.0,11,C,3,Unplugged,Ticino (TI)
19,3,2,2,From 14 to 16 years old,15,Male,3.0,11,C,4,Unplugged,Ticino (TI)
19,4,2,2,From 14 to 16 years old,15,Male,3.0,11,C,4,Unplugged,Ticino (TI)
19,5,2,1,From 14 to 16 years old,15,Male,3.0,11,C,3,Unplugged,Ticino (TI)
19,6,2,1,From 14 to 16 years old,15,Male,3.0,11,C,3,Unplugged,Ticino (TI)
19,7,2,2,From 14 to 16 years old,15,Male,3.0,11,C,4,Unplugged,Ticino (TI)
19,8,2,2,From 14 to 16 years old,15,Male,3.0,11,C,4,Unplugged,Ticino (TI)
19,9,2,2,From 14 to 16 years old,15,Male,3.0,11,C,4,Unplugged,Ticino (TI)
19,10,2,2,From 14 to 16 years old,15,Male,3.0,11,C,4,Unplugged,Ticino (TI)
19,11,2,2,From 14 to 16 years old,15,Male,3.0,11,C,4,Unplugged,Ticino (TI)
19,12,2,1,From 14 to 16 years old,15,Male,3.0,11,C,3,Unplugged,Ticino (TI)
20,1,2,1,From 14 to 16 years old,15,Female,3.0,11,C,3,Unplugged,Ticino (TI)
20,2,2,1,From 14 to 16 years old,15,Female,3.0,11,C,3,Unplugged,Ticino (TI)
20,3,2,1,From 14 to 16 years old,15,Female,3.0,11,C,3,Unplugged,Ticino (TI)
20,4,2,1,From 14 to 16 years old,15,Female,3.0,11,C,3,Unplugged,Ticino (TI)
20,5,2,1,From 14 to 16 years old,15,Female,3.0,11,C,3,Unplugged,Ticino (TI)
20,6,2,1,From 14 to 16 years old,15,Female,3.0,11,C,3,Unplugged,Ticino (TI)
20,7,2,2,From 14 to 16 years old,15,Female,3.0,11,C,4,Unplugged,Ticino (TI)
20,8,2,2,From 14 to 16 years old,15,Female,3.0,11,C,4,Unplugged,Ticino (TI)
20,9,2,2,From 14 to 16 years old,15,Female,3.0,11,C,4,Unplugged,Ticino (TI)
20,10,2,1,From 14 to 16 years old,15,Female,3.0,11,C,3,Unplugged,Ticino (TI)
20,11,2,2,From 14 to 16 years old,15,Female,3.0,11,C,4,Unplugged,Ticino (TI)
20,12,2,0,From 14 to 16 years old,15,Female,3.0,11,C,2,Unplugged,Ticino (TI)
21,1,2,1,From 14 to 16 years old,15,Male,3.0,11,C,3,Unplugged,Ticino (TI)
21,2,2,1,From 14 to 16 years old,15,Male,3.0,11,C,3,Unplugged,Ticino (TI)
21,3,2,2,From 14 to 16 years old,15,Male,3.0,11,C,4,Unplugged,Ticino (TI)
21,4,2,1,From 14 to 16 years old,15,Male,3.0,11,C,3,Unplugged,Ticino (TI)
21,5,2,1,From 14 to 16 years old,15,Male,3.0,11,C,3,Unplugged,Ticino (TI)
21,6,2,1,From 14 to 16 years old,15,Male,3.0,11,C,3,Unplugged,Ticino (TI)
21,7,2,2,From 14 to 16 years old,15,Male,3.0,11,C,4,Unplugged,Ticino (TI)
21,8,2,2,From 14 to 16 years old,15,Male,3.0,11,C,4,Unplugged,Ticino (TI)
21,9,2,2,From 14 to 16 years old,15,Male,3.0,11,C,4,Unplugged,Ticino (TI)
21,10,2,1,From 14 to 16 years old,15,Male,3.0,11,C,3,Unplugged,Ticino (TI)
21,11,2,1,From 14 to 16 years old,15,Male,3.0,11,C,3,Unplugged,Ticino (TI)
21,12,2,1,From 14 to 16 years old,15,Male,3.0,11,C,3,Unplugged,Ticino (TI)
22,1,2,1,From 14 to 16 years old,14,Female,3.0,11,C,3,Unplugged,Ticino (TI)
22,2,2,1,From 14 to 16 years old,14,Female,3.0,11,C,3,Unplugged,Ticino (TI)
22,3,2,1,From 14 to 16 years old,14,Female,3.0,11,C,3,Unplugged,Ticino (TI)
22,4,2,1,From 14 to 16 years old,14,Female,3.0,11,C,3,Unplugged,Ticino (TI)
22,5,2,1,From 14 to 16 years old,14,Female,3.0,11,C,3,Unplugged,Ticino (TI)
22,6,2,1,From 14 to 16 years old,14,Female,3.0,11,C,3,Unplugged,Ticino (TI)
22,7,2,2,From 14 to 16 years old,14,Female,3.0,11,C,4,Unplugged,Ticino (TI)
22,8,2,2,From 14 to 16 years old,14,Female,3.0,11,C,4,Unplugged,Ticino (TI)
22,9,2,2,From 14 to 16 years old,14,Female,3.0,11,C,4,Unplugged,Ticino (TI)
22,10,2,1,From 14 to 16 years old,14,Female,3.0,11,C,3,Unplugged,Ticino (TI)
22,11,2,2,From 14 to 16 years old,14,Female,3.0,11,C,4,Unplugged,Ticino (TI)
22,12,2,0,From 14 to 16 years old,14,Female,3.0,11,C,2,Unplugged,Ticino (TI)
23,1,2,1,From 14 to 16 years old,14,Female,3.0,11,C,3,Unplugged,Ticino (TI)
23,2,2,1,From 14 to 16 years old,14,Female,3.0,11,C,3,Unplugged,Ticino (TI)
23,3,2,1,From 14 to 16 years old,14,Female,3.0,11,C,3,Unplugged,Ticino (TI)
23,4,2,1,From 14 to 16 years old,14,Female,3.0,11,C,3,Unplugged,Ticino (TI)
23,5,2,1,From 14 to 16 years old,14,Female,3.0,11,C,3,Unplugged,Ticino (TI)
23,6,1,1,From 14 to 16 years old,14,Female,3.0,11,C,2,Unplugged,Ticino (TI)
23,7,2,2,From 14 to 16 years old,14,Female,3.0,11,C,4,Unplugged,Ticino (TI)
23,8,2,2,From 14 to 16 years old,14,Female,3.0,11,C,4,Unplugged,Ticino (TI)
23,9,2,2,From 14 to 16 years old,14,Female,3.0,11,C,4,Unplugged,Ticino (TI)
23,10,2,1,From 14 to 16 years old,14,Female,3.0,11,C,3,Unplugged,Ticino (TI)
23,11,2,1,From 14 to 16 years old,14,Female,3.0,11,C,3,Unplugged,Ticino (TI)
23,12,2,0,From 14 to 16 years old,14,Female,3.0,11,C,2,Unplugged,Ticino (TI)
24,1,2,1,From 14 to 16 years old,15,Female,3.0,11,C,3,Unplugged,Ticino (TI)
24,2,2,1,From 14 to 16 years old,15,Female,3.0,11,C,3,Unplugged,Ticino (TI)
24,3,2,2,From 14 to 16 years old,15,Female,3.0,11,C,4,Unplugged,Ticino (TI)
24,4,2,1,From 14 to 16 years old,15,Female,3.0,11,C,3,Unplugged,Ticino (TI)
24,5,2,1,From 14 to 16 years old,15,Female,3.0,11,C,3,Unplugged,Ticino (TI)
24,6,1,1,From 14 to 16 years old,15,Female,3.0,11,C,2,Unplugged,Ticino (TI)
24,7,1,0,From 14 to 16 years old,15,Female,3.0,11,C,1,Unplugged,Ticino (TI)
24,8,1,0,From 14 to 16 years old,15,Female,3.0,11,C,1,Unplugged,Ticino (TI)
24,9,1,0,From 14 to 16 years old,15,Female,3.0,11,C,1,Unplugged,Ticino (TI)
24,10,1,1,From 14 to 16 years old,15,Female,3.0,11,C,2,Unplugged,Ticino (TI)
24,11,1,1,From 14 to 16 years old,15,Female,3.0,11,C,2,Unplugged,Ticino (TI)
24,12,1,0,From 14 to 16 years old,15,Female,3.0,11,C,1,Unplugged,Ticino (TI)
25,1,2,1,From 14 to 16 years old,15,Female,3.0,11,C,3,Unplugged,Ticino (TI)
25,2,1,1,From 14 to 16 years old,15,Female,3.0,11,C,2,Unplugged,Ticino (TI)
25,3,1,1,From 14 to 16 years old,15,Female,3.0,11,C,2,Unplugged,Ticino (TI)
25,4,1,1,From 14 to 16 years old,15,Female,3.0,11,C,2,Unplugged,Ticino (TI)
25,5,1,1,From 14 to 16 years old,15,Female,3.0,11,C,2,Unplugged,Ticino (TI)
25,6,1,1,From 14 to 16 years old,15,Female,3.0,11,C,2,Unplugged,Ticino (TI)
25,7,1,0,From 14 to 16 years old,15,Female,3.0,11,C,1,Unplugged,Ticino (TI)
25,8,1,1,From 14 to 16 years old,15,Female,3.0,11,C,2,Unplugged,Ticino (TI)
25,9,1,2,From 14 to 16 years old,15,Female,3.0,11,C,3,Unplugged,Ticino (TI)
25,10,1,2,From 14 to 16 years old,15,Female,3.0,11,C,3,Unplugged,Ticino (TI)
25,11,1,1,From 14 to 16 years old,15,Female,3.0,11,C,2,Unplugged,Ticino (TI)
25,12,1,1,From 14 to 16 years old,15,Female,3.0,11,C,2,Unplugged,Ticino (TI)
26,1,2,1,From 14 to 16 years old,14,Male,3.0,11,C,3,Unplugged,Ticino (TI)
26,2,2,1,From 14 to 16 years old,14,Male,3.0,11,C,3,Unplugged,Ticino (TI)
26,3,2,1,From 14 to 16 years old,14,Male,3.0,11,C,3,Unplugged,Ticino (TI)
26,4,2,1,From 14 to 16 years old,14,Male,3.0,11,C,3,Unplugged,Ticino (TI)
26,5,2,1,From 14 to 16 years old,14,Male,3.0,11,C,3,Unplugged,Ticino (TI)
26,6,1,1,From 14 to 16 years old,14,Male,3.0,11,C,2,Unplugged,Ticino (TI)
26,7,2,2,From 14 to 16 years old,14,Male,3.0,11,C,4,Unplugged,Ticino (TI)
26,8,2,2,From 14 to 16 years old,14,Male,3.0,11,C,4,Unplugged,Ticino (TI)
26,9,2,2,From 14 to 16 years old,14,Male,3.0,11,C,4,Unplugged,Ticino (TI)
26,10,2,0,From 14 to 16 years old,14,Male,3.0,11,C,2,Unplugged,Ticino (TI)
26,11,2,0,From 14 to 16 years old,14,Male,3.0,11,C,2,Unplugged,Ticino (TI)
26,12,2,0,From 14 to 16 years old,14,Male,3.0,11,C,2,Unplugged,Ticino (TI)
27,1,2,1,From 14 to 16 years old,14,Male,3.0,11,C,3,Unplugged,Ticino (TI)
27,2,2,2,From 14 to 16 years old,14,Male,3.0,11,C,4,Unplugged,Ticino (TI)
27,3,2,1,From 14 to 16 years old,14,Male,3.0,11,C,3,Unplugged,Ticino (TI)
27,4,2,2,From 14 to 16 years old,14,Male,3.0,11,C,4,Unplugged,Ticino (TI)
27,5,2,1,From 14 to 16 years old,14,Male,3.0,11,C,3,Unplugged,Ticino (TI)
27,6,2,1,From 14 to 16 years old,14,Male,3.0,11,C,3,Unplugged,Ticino (TI)
27,7,2,0,From 14 to 16 years old,14,Male,3.0,11,C,2,Unplugged,Ticino (TI)
27,8,2,0,From 14 to 16 years old,14,Male,3.0,11,C,2,Unplugged,Ticino (TI)
27,9,2,0,From 14 to 16 years old,14,Male,3.0,11,C,2,Unplugged,Ticino (TI)
27,10,2,0,From 14 to 16 years old,14,Male,3.0,11,C,2,Unplugged,Ticino (TI)
27,11,2,0,From 14 to 16 years old,14,Male,3.0,11,C,2,Unplugged,Ticino (TI)
27,12,2,0,From 14 to 16 years old,14,Male,3.0,11,C,2,Unplugged,Ticino (TI)
28,1,2,1,From 14 to 16 years old,14,Male,3.0,11,C,3,Unplugged,Ticino (TI)
28,2,1,1,From 14 to 16 years old,14,Male,3.0,11,C,2,Unplugged,Ticino (TI)
28,3,1,1,From 14 to 16 years old,14,Male,3.0,11,C,2,Unplugged,Ticino (TI)
28,4,1,2,From 14 to 16 years old,14,Male,3.0,11,C,3,Unplugged,Ticino (TI)
28,5,2,1,From 14 to 16 years old,14,Male,3.0,11,C,3,Unplugged,Ticino (TI)
28,6,1,1,From 14 to 16 years old,14,Male,3.0,11,C,2,Unplugged,Ticino (TI)
28,7,1,0,From 14 to 16 years old,14,Male,3.0,11,C,1,Unplugged,Ticino (TI)
28,8,1,0,From 14 to 16 years old,14,Male,3.0,11,C,1,Unplugged,Ticino (TI)
28,9,1,0,From 14 to 16 years old,14,Male,3.0,11,C,1,Unplugged,Ticino (TI)
28,10,1,0,From 14 to 16 years old,14,Male,3.0,11,C,1,Unplugged,Ticino (TI)
28,11,1,0,From 14 to 16 years old,14,Male,3.0,11,C,1,Unplugged,Ticino (TI)
28,12,2,0,From 14 to 16 years old,14,Male,3.0,11,C,2,Unplugged,Ticino (TI)
29,1,2,1,From 14 to 16 years old,16,Female,3.0,11,C,3,Unplugged,Ticino (TI)
29,2,2,1,From 14 to 16 years old,16,Female,3.0,11,C,3,Unplugged,Ticino (TI)
29,3,2,2,From 14 to 16 years old,16,Female,3.0,11,C,4,Unplugged,Ticino (TI)
29,4,2,2,From 14 to 16 years old,16,Female,3.0,11,C,4,Unplugged,Ticino (TI)
29,5,2,1,From 14 to 16 years old,16,Female,3.0,11,C,3,Unplugged,Ticino (TI)
29,6,2,1,From 14 to 16 years old,16,Female,3.0,11,C,3,Unplugged,Ticino (TI)
29,7,2,2,From 14 to 16 years old,16,Female,3.0,11,C,4,Unplugged,Ticino (TI)
29,8,2,2,From 14 to 16 years old,16,Female,3.0,11,C,4,Unplugged,Ticino (TI)
29,9,2,2,From 14 to 16 years old,16,Female,3.0,11,C,4,Unplugged,Ticino (TI)
29,10,2,2,From 14 to 16 years old,16,Female,3.0,11,C,4,Unplugged,Ticino (TI)
29,11,2,1,From 14 to 16 years old,16,Female,3.0,11,C,3,Unplugged,Ticino (TI)
29,12,2,0,From 14 to 16 years old,16,Female,3.0,11,C,2,Unplugged,Ticino (TI)
30,1,2,1,From 3 to 6 years old,6,Male,1.0,2,A,3,Unplugged,Ticino (TI)
30,2,1,1,From 3 to 6 years old,6,Male,1.0,2,A,2,Unplugged,Ticino (TI)
30,3,2,1,From 3 to 6 years old,6,Male,1.0,2,A,3,Unplugged,Ticino (TI)
30,4,1,1,From 3 to 6 years old,6,Male,1.0,2,A,2,Unplugged,Ticino (TI)
30,5,1,1,From 3 to 6 years old,6,Male,1.0,2,A,2,Unplugged,Ticino (TI)
30,6,1,1,From 3 to 6 years old,6,Male,1.0,2,A,2,Unplugged,Ticino (TI)
30,7,1,0,From 3 to 6 years old,6,Male,1.0,2,A,1,Unplugged,Ticino (TI)
30,8,1,0,From 3 to 6 years old,6,Male,1.0,2,A,1,Unplugged,Ticino (TI)
30,9,1,0,From 3 to 6 years old,6,Male,1.0,2,A,1,Unplugged,Ticino (TI)
30,10,1,0,From 3 to 6 years old,6,Male,1.0,2,A,1,Unplugged,Ticino (TI)
30,11,1,0,From 3 to 6 years old,6,Male,1.0,2,A,1,Unplugged,Ticino (TI)
30,12,1,0,From 3 to 6 years old,6,Male,1.0,2,A,1,Unplugged,Ticino (TI)
31,1,2,1,From 3 to 6 years old,4,Male,1.0,1,A,3,Unplugged,Ticino (TI)
31,2,1,1,From 3 to 6 years old,4,Male,1.0,1,A,2,Unplugged,Ticino (TI)
31,3,1,1,From 3 to 6 years old,4,Male,1.0,1,A,2,Unplugged,Ticino (TI)
31,4,1,1,From 3 to 6 years old,4,Male,1.0,1,A,2,Unplugged,Ticino (TI)
31,5,1,1,From 3 to 6 years old,4,Male,1.0,1,A,2,Unplugged,Ticino (TI)
31,6,1,1,From 3 to 6 years old,4,Male,1.0,1,A,2,Unplugged,Ticino (TI)
31,7,0,0,From 3 to 6 years old,4,Male,1.0,1,A,0,Unplugged,Ticino (TI)
31,10,1,1,From 3 to 6 years old,4,Male,1.0,1,A,2,Unplugged,Ticino (TI)
31,11,1,2,From 3 to 6 years old,4,Male,1.0,1,A,3,Unplugged,Ticino (TI)
32,1,2,1,From 3 to 6 years old,5,Male,1.0,2,A,3,Unplugged,Ticino (TI)
32,2,1,1,From 3 to 6 years old,5,Male,1.0,2,A,2,Unplugged,Ticino (TI)
32,3,1,1,From 3 to 6 years old,5,Male,1.0,2,A,2,Unplugged,Ticino (TI)
32,4,1,1,From 3 to 6 years old,5,Male,1.0,2,A,2,Unplugged,Ticino (TI)
32,5,1,1,From 3 to 6 years old,5,Male,1.0,2,A,2,Unplugged,Ticino (TI)
32,6,1,1,From 3 to 6 years old,5,Male,1.0,2,A,2,Unplugged,Ticino (TI)
32,7,1,0,From 3 to 6 years old,5,Male,1.0,2,A,1,Unplugged,Ticino (TI)
32,8,1,0,From 3 to 6 years old,5,Male,1.0,2,A,1,Unplugged,Ticino (TI)
32,9,1,0,From 3 to 6 years old,5,Male,1.0,2,A,1,Unplugged,Ticino (TI)
32,10,1,2,From 3 to 6 years old,5,Male,1.0,2,A,3,Unplugged,Ticino (TI)
32,11,1,1,From 3 to 6 years old,5,Male,1.0,2,A,2,Unplugged,Ticino (TI)
32,12,1,0,From 3 to 6 years old,5,Male,1.0,2,A,1,Unplugged,Ticino (TI)
33,1,2,1,From 3 to 6 years old,3,Male,1.0,0,A,3,Unplugged,Ticino (TI)
33,2,1,1,From 3 to 6 years old,3,Male,1.0,0,A,2,Unplugged,Ticino (TI)
33,3,1,1,From 3 to 6 years old,3,Male,1.0,0,A,2,Unplugged,Ticino (TI)
33,4,0,1,From 3 to 6 years old,3,Male,1.0,0,A,1,Unplugged,Ticino (TI)
33,5,1,1,From 3 to 6 years old,3,Male,1.0,0,A,2,Unplugged,Ticino (TI)
33,6,1,1,From 3 to 6 years old,3,Male,1.0,0,A,2,Unplugged,Ticino (TI)
33,7,1,1,From 3 to 6 years old,3,Male,1.0,0,A,2,Unplugged,Ticino (TI)
34,1,2,1,From 3 to 6 years old,5,Female,1.0,1,A,3,Unplugged,Ticino (TI)
34,2,1,1,From 3 to 6 years old,5,Female,1.0,1,A,2,Unplugged,Ticino (TI)
34,3,1,1,From 3 to 6 years old,5,Female,1.0,1,A,2,Unplugged,Ticino (TI)
34,4,1,1,From 3 to 6 years old,5,Female,1.0,1,A,2,Unplugged,Ticino (TI)
34,5,1,1,From 3 to 6 years old,5,Female,1.0,1,A,2,Unplugged,Ticino (TI)
34,6,1,1,From 3 to 6 years old,5,Female,1.0,1,A,2,Unplugged,Ticino (TI)
34,7,1,0,From 3 to 6 years old,5,Female,1.0,1,A,1,Unplugged,Ticino (TI)
34,8,1,0,From 3 to 6 years old,5,Female,1.0,1,A,1,Unplugged,Ticino (TI)
34,9,1,0,From 3 to 6 years old,5,Female,1.0,1,A,1,Unplugged,Ticino (TI)
34,10,1,1,From 3 to 6 years old,5,Female,1.0,1,A,2,Unplugged,Ticino (TI)
34,11,1,1,From 3 to 6 years old,5,Female,1.0,1,A,2,Unplugged,Ticino (TI)
34,12,1,0,From 3 to 6 years old,5,Female,1.0,1,A,1,Unplugged,Ticino (TI)
35,1,2,1,From 3 to 6 years old,5,Female,1.0,1,A,3,Unplugged,Ticino (TI)
35,2,1,1,From 3 to 6 years old,5,Female,1.0,1,A,2,Unplugged,Ticino (TI)
35,3,1,1,From 3 to 6 years old,5,Female,1.0,1,A,2,Unplugged,Ticino (TI)
35,4,1,1,From 3 to 6 years old,5,Female,1.0,1,A,2,Unplugged,Ticino (TI)
35,5,1,1,From 3 to 6 years old,5,Female,1.0,1,A,2,Unplugged,Ticino (TI)
35,6,1,1,From 3 to 6 years old,5,Female,1.0,1,A,2,Unplugged,Ticino (TI)
35,7,1,0,From 3 to 6 years old,5,Female,1.0,1,A,1,Unplugged,Ticino (TI)
35,8,1,0,From 3 to 6 years old,5,Female,1.0,1,A,1,Unplugged,Ticino (TI)
35,9,1,0,From 3 to 6 years old,5,Female,1.0,1,A,1,Unplugged,Ticino (TI)
35,10,1,2,From 3 to 6 years old,5,Female,1.0,1,A,3,Unplugged,Ticino (TI)
35,11,1,1,From 3 to 6 years old,5,Female,1.0,1,A,2,Unplugged,Ticino (TI)
35,12,1,0,From 3 to 6 years old,5,Female,1.0,1,A,1,Unplugged,Ticino (TI)
36,1,2,1,From 3 to 6 years old,5,Male,1.0,2,A,3,Unplugged,Ticino (TI)
36,2,2,1,From 3 to 6 years old,5,Male,1.0,2,A,3,Unplugged,Ticino (TI)
36,3,1,2,From 3 to 6 years old,5,Male,1.0,2,A,3,Unplugged,Ticino (TI)
36,4,1,1,From 3 to 6 years old,5,Male,1.0,2,A,2,Unplugged,Ticino (TI)
36,5,2,1,From 3 to 6 years old,5,Male,1.0,2,A,3,Unplugged,Ticino (TI)
36,6,2,1,From 3 to 6 years old,5,Male,1.0,2,A,3,Unplugged,Ticino (TI)
36,7,1,0,From 3 to 6 years old,5,Male,1.0,2,A,1,Unplugged,Ticino (TI)
36,8,1,0,From 3 to 6 years old,5,Male,1.0,2,A,1,Unplugged,Ticino (TI)
36,9,1,0,From 3 to 6 years old,5,Male,1.0,2,A,1,Unplugged,Ticino (TI)
36,10,1,2,From 3 to 6 years old,5,Male,1.0,2,A,3,Unplugged,Ticino (TI)
36,11,1,2,From 3 to 6 years old,5,Male,1.0,2,A,3,Unplugged,Ticino (TI)
36,12,1,1,From 3 to 6 years old,5,Male,1.0,2,A,2,Unplugged,Ticino (TI)
37,1,2,1,From 3 to 6 years old,6,Female,1.0,2,A,3,Unplugged,Ticino (TI)
37,2,1,1,From 3 to 6 years old,6,Female,1.0,2,A,2,Unplugged,Ticino (TI)
37,3,1,1,From 3 to 6 years old,6,Female,1.0,2,A,2,Unplugged,Ticino (TI)
37,4,1,1,From 3 to 6 years old,6,Female,1.0,2,A,2,Unplugged,Ticino (TI)
37,5,1,1,From 3 to 6 years old,6,Female,1.0,2,A,2,Unplugged,Ticino (TI)
37,6,1,1,From 3 to 6 years old,6,Female,1.0,2,A,2,Unplugged,Ticino (TI)
37,7,1,0,From 3 to 6 years old,6,Female,1.0,2,A,1,Unplugged,Ticino (TI)
37,8,1,0,From 3 to 6 years old,6,Female,1.0,2,A,1,Unplugged,Ticino (TI)
37,9,1,0,From 3 to 6 years old,6,Female,1.0,2,A,1,Unplugged,Ticino (TI)
37,10,1,1,From 3 to 6 years old,6,Female,1.0,2,A,2,Unplugged,Ticino (TI)
37,11,1,2,From 3 to 6 years old,6,Female,1.0,2,A,3,Unplugged,Ticino (TI)
37,12,1,0,From 3 to 6 years old,6,Female,1.0,2,A,1,Unplugged,Ticino (TI)
38,1,2,1,From 3 to 6 years old,5,Male,1.0,1,A,3,Unplugged,Ticino (TI)
38,2,1,1,From 3 to 6 years old,5,Male,1.0,1,A,2,Unplugged,Ticino (TI)
38,3,1,1,From 3 to 6 years old,5,Male,1.0,1,A,2,Unplugged,Ticino (TI)
38,4,1,1,From 3 to 6 years old,5,Male,1.0,1,A,2,Unplugged,Ticino (TI)
38,5,1,1,From 3 to 6 years old,5,Male,1.0,1,A,2,Unplugged,Ticino (TI)
38,6,1,0,From 3 to 6 years old,5,Male,1.0,1,A,1,Unplugged,Ticino (TI)
38,7,1,0,From 3 to 6 years old,5,Male,1.0,1,A,1,Unplugged,Ticino (TI)
38,8,1,0,From 3 to 6 years old,5,Male,1.0,1,A,1,Unplugged,Ticino (TI)
38,9,1,0,From 3 to 6 years old,5,Male,1.0,1,A,1,Unplugged,Ticino (TI)
38,10,1,2,From 3 to 6 years old,5,Male,1.0,1,A,3,Unplugged,Ticino (TI)
38,11,1,1,From 3 to 6 years old,5,Male,1.0,1,A,2,Unplugged,Ticino (TI)
38,12,1,0,From 3 to 6 years old,5,Male,1.0,1,A,1,Unplugged,Ticino (TI)
39,1,2,1,From 3 to 6 years old,5,Female,1.0,2,A,3,Unplugged,Ticino (TI)
39,2,2,1,From 3 to 6 years old,5,Female,1.0,2,A,3,Unplugged,Ticino (TI)
39,3,2,1,From 3 to 6 years old,5,Female,1.0,2,A,3,Unplugged,Ticino (TI)
39,4,2,1,From 3 to 6 years old,5,Female,1.0,2,A,3,Unplugged,Ticino (TI)
39,5,2,1,From 3 to 6 years old,5,Female,1.0,2,A,3,Unplugged,Ticino (TI)
39,6,2,1,From 3 to 6 years old,5,Female,1.0,2,A,3,Unplugged,Ticino (TI)
39,7,2,2,From 3 to 6 years old,5,Female,1.0,2,A,4,Unplugged,Ticino (TI)
39,8,2,2,From 3 to 6 years old,5,Female,1.0,2,A,4,Unplugged,Ticino (TI)
39,9,2,2,From 3 to 6 years old,5,Female,1.0,2,A,4,Unplugged,Ticino (TI)
39,10,1,2,From 3 to 6 years old,5,Female,1.0,2,A,3,Unplugged,Ticino (TI)
39,11,1,2,From 3 to 6 years old,5,Female,1.0,2,A,3,Unplugged,Ticino (TI)
39,12,1,0,From 3 to 6 years old,5,Female,1.0,2,A,1,Unplugged,Ticino (TI)
40,1,2,1,From 3 to 6 years old,4,Male,1.0,0,A,3,Unplugged,Ticino (TI)
40,2,1,1,From 3 to 6 years old,4,Male,1.0,0,A,2,Unplugged,Ticino (TI)
40,3,1,1,From 3 to 6 years old,4,Male,1.0,0,A,2,Unplugged,Ticino (TI)
40,4,1,1,From 3 to 6 years old,4,Male,1.0,0,A,2,Unplugged,Ticino (TI)
40,5,1,1,From 3 to 6 years old,4,Male,1.0,0,A,2,Unplugged,Ticino (TI)
40,6,0,0,From 3 to 6 years old,4,Male,1.0,0,A,0,Unplugged,Ticino (TI)
40,7,1,1,From 3 to 6 years old,4,Male,1.0,0,A,2,Unplugged,Ticino (TI)
40,8,0,0,From 3 to 6 years old,4,Male,1.0,0,A,0,Unplugged,Ticino (TI)
40,9,0,0,From 3 to 6 years old,4,Male,1.0,0,A,0,Unplugged,Ticino (TI)
40,10,1,0,From 3 to 6 years old,4,Male,1.0,0,A,1,Unplugged,Ticino (TI)
40,11,0,1,From 3 to 6 years old,4,Male,1.0,0,A,1,Unplugged,Ticino (TI)
40,12,0,1,From 3 to 6 years old,4,Male,1.0,0,A,1,Unplugged,Ticino (TI)
41,1,2,1,From 3 to 6 years old,4,Female,1.0,1,A,3,Unplugged,Ticino (TI)
41,2,1,1,From 3 to 6 years old,4,Female,1.0,1,A,2,Unplugged,Ticino (TI)
41,3,1,1,From 3 to 6 years old,4,Female,1.0,1,A,2,Unplugged,Ticino (TI)
41,4,1,1,From 3 to 6 years old,4,Female,1.0,1,A,2,Unplugged,Ticino (TI)
41,5,1,1,From 3 to 6 years old,4,Female,1.0,1,A,2,Unplugged,Ticino (TI)
41,6,1,1,From 3 to 6 years old,4,Female,1.0,1,A,2,Unplugged,Ticino (TI)
41,7,1,0,From 3 to 6 years old,4,Female,1.0,1,A,1,Unplugged,Ticino (TI)
41,8,1,0,From 3 to 6 years old,4,Female,1.0,1,A,1,Unplugged,Ticino (TI)
41,9,1,0,From 3 to 6 years old,4,Female,1.0,1,A,1,Unplugged,Ticino (TI)
41,10,1,1,From 3 to 6 years old,4,Female,1.0,1,A,2,Unplugged,Ticino (TI)
41,11,0,2,From 3 to 6 years old,4,Female,1.0,1,A,2,Unplugged,Ticino (TI)
41,12,1,1,From 3 to 6 years old,4,Female,1.0,1,A,2,Unplugged,Ticino (TI)
42,1,2,1,From 3 to 6 years old,5,Male,1.0,2,A,3,Unplugged,Ticino (TI)
42,2,1,1,From 3 to 6 years old,5,Male,1.0,2,A,2,Unplugged,Ticino (TI)
42,3,2,1,From 3 to 6 years old,5,Male,1.0,2,A,3,Unplugged,Ticino (TI)
42,4,1,1,From 3 to 6 years old,5,Male,1.0,2,A,2,Unplugged,Ticino (TI)
42,5,1,1,From 3 to 6 years old,5,Male,1.0,2,A,2,Unplugged,Ticino (TI)
42,6,1,1,From 3 to 6 years old,5,Male,1.0,2,A,2,Unplugged,Ticino (TI)
42,7,1,0,From 3 to 6 years old,5,Male,1.0,2,A,1,Unplugged,Ticino (TI)
42,8,1,0,From 3 to 6 years old,5,Male,1.0,2,A,1,Unplugged,Ticino (TI)
42,9,1,0,From 3 to 6 years old,5,Male,1.0,2,A,1,Unplugged,Ticino (TI)
42,10,1,2,From 3 to 6 years old,5,Male,1.0,2,A,3,Unplugged,Ticino (TI)
42,11,1,1,From 3 to 6 years old,5,Male,1.0,2,A,2,Unplugged,Ticino (TI)
42,12,1,0,From 3 to 6 years old,5,Male,1.0,2,A,1,Unplugged,Ticino (TI)
43,1,2,1,From 3 to 6 years old,6,Female,1.0,2,A,3,Unplugged,Ticino (TI)
43,2,1,1,From 3 to 6 years old,6,Female,1.0,2,A,2,Unplugged,Ticino (TI)
43,3,1,1,From 3 to 6 years old,6,Female,1.0,2,A,2,Unplugged,Ticino (TI)
43,4,1,1,From 3 to 6 years old,6,Female,1.0,2,A,2,Unplugged,Ticino (TI)
43,5,1,1,From 3 to 6 years old,6,Female,1.0,2,A,2,Unplugged,Ticino (TI)
43,6,1,1,From 3 to 6 years old,6,Female,1.0,2,A,2,Unplugged,Ticino (TI)
43,7,1,2,From 3 to 6 years old,6,Female,1.0,2,A,3,Unplugged,Ticino (TI)
43,8,1,0,From 3 to 6 years old,6,Female,1.0,2,A,1,Unplugged,Ticino (TI)
43,9,1,0,From 3 to 6 years old,6,Female,1.0,2,A,1,Unplugged,Ticino (TI)
43,10,1,1,From 3 to 6 years old,6,Female,1.0,2,A,2,Unplugged,Ticino (TI)
43,11,1,1,From 3 to 6 years old,6,Female,1.0,2,A,2,Unplugged,Ticino (TI)
43,12,1,0,From 3 to 6 years old,6,Female,1.0,2,A,1,Unplugged,Ticino (TI)
45,1,0,0,From 3 to 6 years old,6,Male,1.0,2,A,0,Unplugged,Ticino (TI)
45,2,1,0,From 3 to 6 years old,6,Male,1.0,2,A,1,Unplugged,Ticino (TI)
45,3,1,0,From 3 to 6 years old,6,Male,1.0,2,A,1,Unplugged,Ticino (TI)
45,4,1,0,From 3 to 6 years old,6,Male,1.0,2,A,1,Unplugged,Ticino (TI)
45,5,1,1,From 3 to 6 years old,6,Male,1.0,2,A,2,Unplugged,Ticino (TI)
45,6,1,0,From 3 to 6 years old,6,Male,1.0,2,A,1,Unplugged,Ticino (TI)
45,7,0,0,From 3 to 6 years old,6,Male,1.0,2,A,0,Unplugged,Ticino (TI)
45,8,0,0,From 3 to 6 years old,6,Male,1.0,2,A,0,Unplugged,Ticino (TI)
45,9,0,0,From 3 to 6 years old,6,Male,1.0,2,A,0,Unplugged,Ticino (TI)
45,10,0,0,From 3 to 6 years old,6,Male,1.0,2,A,0,Unplugged,Ticino (TI)
45,11,0,1,From 3 to 6 years old,6,Male,1.0,2,A,1,Unplugged,Ticino (TI)
45,12,0,0,From 3 to 6 years old,6,Male,1.0,2,A,0,Unplugged,Ticino (TI)
46,1,2,1,From 3 to 6 years old,4,Male,1.0,0,A,3,Unplugged,Ticino (TI)
46,2,0,0,From 3 to 6 years old,4,Male,1.0,0,A,0,Unplugged,Ticino (TI)
46,3,1,1,From 3 to 6 years old,4,Male,1.0,0,A,2,Unplugged,Ticino (TI)
46,4,1,0,From 3 to 6 years old,4,Male,1.0,0,A,1,Unplugged,Ticino (TI)
46,5,1,1,From 3 to 6 years old,4,Male,1.0,0,A,2,Unplugged,Ticino (TI)
46,6,1,0,From 3 to 6 years old,4,Male,1.0,0,A,1,Unplugged,Ticino (TI)
46,7,1,0,From 3 to 6 years old,4,Male,1.0,0,A,1,Unplugged,Ticino (TI)
46,8,0,2,From 3 to 6 years old,4,Male,1.0,0,A,2,Unplugged,Ticino (TI)
46,9,0,0,From 3 to 6 years old,4,Male,1.0,0,A,0,Unplugged,Ticino (TI)
46,10,0,1,From 3 to 6 years old,4,Male,1.0,0,A,1,Unplugged,Ticino (TI)
46,11,0,1,From 3 to 6 years old,4,Male,1.0,0,A,1,Unplugged,Ticino (TI)
46,12,0,1,From 3 to 6 years old,4,Male,1.0,0,A,1,Unplugged,Ticino (TI)
47,1,2,1,From 3 to 6 years old,4,Female,1.0,1,A,3,Unplugged,Ticino (TI)
47,2,1,1,From 3 to 6 years old,4,Female,1.0,1,A,2,Unplugged,Ticino (TI)
47,3,1,1,From 3 to 6 years old,4,Female,1.0,1,A,2,Unplugged,Ticino (TI)
47,4,1,1,From 3 to 6 years old,4,Female,1.0,1,A,2,Unplugged,Ticino (TI)
47,5,1,1,From 3 to 6 years old,4,Female,1.0,1,A,2,Unplugged,Ticino (TI)
47,6,1,1,From 3 to 6 years old,4,Female,1.0,1,A,2,Unplugged,Ticino (TI)
47,7,0,0,From 3 to 6 years old,4,Female,1.0,1,A,0,Unplugged,Ticino (TI)
47,8,0,0,From 3 to 6 years old,4,Female,1.0,1,A,0,Unplugged,Ticino (TI)
47,9,0,0,From 3 to 6 years old,4,Female,1.0,1,A,0,Unplugged,Ticino (TI)
47,10,0,1,From 3 to 6 years old,4,Female,1.0,1,A,1,Unplugged,Ticino (TI)
47,11,0,1,From 3 to 6 years old,4,Female,1.0,1,A,1,Unplugged,Ticino (TI)
47,12,0,0,From 3 to 6 years old,4,Female,1.0,1,A,0,Unplugged,Ticino (TI)
49,1,2,1,From 3 to 6 years old,5,Female,1.0,2,A,3,Unplugged,Ticino (TI)
49,2,1,1,From 3 to 6 years old,5,Female,1.0,2,A,2,Unplugged,Ticino (TI)
49,3,1,1,From 3 to 6 years old,5,Female,1.0,2,A,2,Unplugged,Ticino (TI)
49,4,1,1,From 3 to 6 years old,5,Female,1.0,2,A,2,Unplugged,Ticino (TI)
49,5,1,1,From 3 to 6 years old,5,Female,1.0,2,A,2,Unplugged,Ticino (TI)
49,6,1,1,From 3 to 6 years old,5,Female,1.0,2,A,2,Unplugged,Ticino (TI)
49,7,1,0,From 3 to 6 years old,5,Female,1.0,2,A,1,Unplugged,Ticino (TI)
49,8,1,0,From 3 to 6 years old,5,Female,1.0,2,A,1,Unplugged,Ticino (TI)
49,9,1,0,From 3 to 6 years old,5,Female,1.0,2,A,1,Unplugged,Ticino (TI)
49,10,1,0,From 3 to 6 years old,5,Female,1.0,2,A,1,Unplugged,Ticino (TI)
49,11,1,0,From 3 to 6 years old,5,Female,1.0,2,A,1,Unplugged,Ticino (TI)
49,12,1,0,From 3 to 6 years old,5,Female,1.0,2,A,1,Unplugged,Ticino (TI)
50,1,2,1,From 3 to 6 years old,6,Male,1.0,2,A,3,Unplugged,Ticino (TI)
50,2,1,1,From 3 to 6 years old,6,Male,1.0,2,A,2,Unplugged,Ticino (TI)
50,3,1,1,From 3 to 6 years old,6,Male,1.0,2,A,2,Unplugged,Ticino (TI)
50,4,1,1,From 3 to 6 years old,6,Male,1.0,2,A,2,Unplugged,Ticino (TI)
50,5,1,1,From 3 to 6 years old,6,Male,1.0,2,A,2,Unplugged,Ticino (TI)
50,6,1,0,From 3 to 6 years old,6,Male,1.0,2,A,1,Unplugged,Ticino (TI)
50,7,1,0,From 3 to 6 years old,6,Male,1.0,2,A,1,Unplugged,Ticino (TI)
50,8,1,0,From 3 to 6 years old,6,Male,1.0,2,A,1,Unplugged,Ticino (TI)
50,9,0,0,From 3 to 6 years old,6,Male,1.0,2,A,0,Unplugged,Ticino (TI)
50,10,1,0,From 3 to 6 years old,6,Male,1.0,2,A,1,Unplugged,Ticino (TI)
50,11,0,0,From 3 to 6 years old,6,Male,1.0,2,A,0,Unplugged,Ticino (TI)
50,12,0,0,From 3 to 6 years old,6,Male,1.0,2,A,0,Unplugged,Ticino (TI)
51,1,2,1,From 3 to 6 years old,4,Male,1.0,0,A,3,Unplugged,Ticino (TI)
51,2,0,0,From 3 to 6 years old,4,Male,1.0,0,A,0,Unplugged,Ticino (TI)
51,3,0,1,From 3 to 6 years old,4,Male,1.0,0,A,1,Unplugged,Ticino (TI)
51,4,0,1,From 3 to 6 years old,4,Male,1.0,0,A,1,Unplugged,Ticino (TI)
51,5,0,1,From 3 to 6 years old,4,Male,1.0,0,A,1,Unplugged,Ticino (TI)
51,6,0,1,From 3 to 6 years old,4,Male,1.0,0,A,1,Unplugged,Ticino (TI)
51,7,0,1,From 3 to 6 years old,4,Male,1.0,0,A,1,Unplugged,Ticino (TI)
51,8,0,0,From 3 to 6 years old,4,Male,1.0,0,A,0,Unplugged,Ticino (TI)
51,10,0,0,From 3 to 6 years old,4,Male,1.0,0,A,0,Unplugged,Ticino (TI)
51,11,0,0,From 3 to 6 years old,4,Male,1.0,0,A,0,Unplugged,Ticino (TI)
51,12,0,0,From 3 to 6 years old,4,Male,1.0,0,A,0,Unplugged,Ticino (TI)
52,1,2,1,From 3 to 6 years old,6,Male,1.0,2,A,3,Unplugged,Ticino (TI)
52,2,1,1,From 3 to 6 years old,6,Male,1.0,2,A,2,Unplugged,Ticino (TI)
52,3,1,1,From 3 to 6 years old,6,Male,1.0,2,A,2,Unplugged,Ticino (TI)
52,4,1,1,From 3 to 6 years old,6,Male,1.0,2,A,2,Unplugged,Ticino (TI)
52,5,1,1,From 3 to 6 years old,6,Male,1.0,2,A,2,Unplugged,Ticino (TI)
52,6,1,1,From 3 to 6 years old,6,Male,1.0,2,A,2,Unplugged,Ticino (TI)
52,7,1,0,From 3 to 6 years old,6,Male,1.0,2,A,1,Unplugged,Ticino (TI)
52,8,1,0,From 3 to 6 years old,6,Male,1.0,2,A,1,Unplugged,Ticino (TI)
52,9,1,0,From 3 to 6 years old,6,Male,1.0,2,A,1,Unplugged,Ticino (TI)
52,10,1,1,From 3 to 6 years old,6,Male,1.0,2,A,2,Unplugged,Ticino (TI)
52,11,1,0,From 3 to 6 years old,6,Male,1.0,2,A,1,Unplugged,Ticino (TI)
52,12,1,1,From 3 to 6 years old,6,Male,1.0,2,A,2,Unplugged,Ticino (TI)
53,1,2,1,From 14 to 16 years old,14,Male,5.0,11,C,3,Unplugged,Ticino (TI)
53,2,2,1,From 14 to 16 years old,14,Male,5.0,11,C,3,Unplugged,Ticino (TI)
53,3,1,1,From 14 to 16 years old,14,Male,5.0,11,C,2,Unplugged,Ticino (TI)
53,4,1,1,From 14 to 16 years old,14,Male,5.0,11,C,2,Unplugged,Ticino (TI)
53,5,2,1,From 14 to 16 years old,14,Male,5.0,11,C,3,Unplugged,Ticino (TI)
53,6,1,1,From 14 to 16 years old,14,Male,5.0,11,C,2,Unplugged,Ticino (TI)
53,7,1,1,From 14 to 16 years old,14,Male,5.0,11,C,2,Unplugged,Ticino (TI)
53,8,1,2,From 14 to 16 years old,14,Male,5.0,11,C,3,Unplugged,Ticino (TI)
53,9,1,2,From 14 to 16 years old,14,Male,5.0,11,C,3,Unplugged,Ticino (TI)
53,10,2,2,From 14 to 16 years old,14,Male,5.0,11,C,4,Unplugged,Ticino (TI)
53,11,0,1,From 14 to 16 years old,14,Male,5.0,11,C,1,Unplugged,Ticino (TI)
53,12,2,1,From 14 to 16 years old,14,Male,5.0,11,C,3,Unplugged,Ticino (TI)
54,1,2,1,From 14 to 16 years old,15,Male,5.0,11,C,3,Unplugged,Ticino (TI)
54,2,2,1,From 14 to 16 years old,15,Male,5.0,11,C,3,Unplugged,Ticino (TI)
54,3,2,2,From 14 to 16 years old,15,Male,5.0,11,C,4,Unplugged,Ticino (TI)
54,4,2,1,From 14 to 16 years old,15,Male,5.0,11,C,3,Unplugged,Ticino (TI)
54,5,2,1,From 14 to 16 years old,15,Male,5.0,11,C,3,Unplugged,Ticino (TI)
54,6,1,1,From 14 to 16 years old,15,Male,5.0,11,C,2,Unplugged,Ticino (TI)
54,7,2,2,From 14 to 16 years old,15,Male,5.0,11,C,4,Unplugged,Ticino (TI)
54,8,1,1,From 14 to 16 years old,15,Male,5.0,11,C,2,Unplugged,Ticino (TI)
54,9,1,2,From 14 to 16 years old,15,Male,5.0,11,C,3,Unplugged,Ticino (TI)
54,10,1,2,From 14 to 16 years old,15,Male,5.0,11,C,3,Unplugged,Ticino (TI)
54,11,1,1,From 14 to 16 years old,15,Male,5.0,11,C,2,Unplugged,Ticino (TI)
54,12,1,1,From 14 to 16 years old,15,Male,5.0,11,C,2,Unplugged,Ticino (TI)
55,1,2,1,From 14 to 16 years old,15,Female,5.0,11,C,3,Unplugged,Ticino (TI)
55,2,2,1,From 14 to 16 years old,15,Female,5.0,11,C,3,Unplugged,Ticino (TI)
55,3,1,1,From 14 to 16 years old,15,Female,5.0,11,C,2,Unplugged,Ticino (TI)
55,4,1,1,From 14 to 16 years old,15,Female,5.0,11,C,2,Unplugged,Ticino (TI)
55,5,1,1,From 14 to 16 years old,15,Female,5.0,11,C,2,Unplugged,Ticino (TI)
55,6,1,1,From 14 to 16 years old,15,Female,5.0,11,C,2,Unplugged,Ticino (TI)
55,7,1,2,From 14 to 16 years old,15,Female,5.0,11,C,3,Unplugged,Ticino (TI)
55,8,1,2,From 14 to 16 years old,15,Female,5.0,11,C,3,Unplugged,Ticino (TI)
55,9,1,2,From 14 to 16 years old,15,Female,5.0,11,C,3,Unplugged,Ticino (TI)
55,10,1,1,From 14 to 16 years old,15,Female,5.0,11,C,2,Unplugged,Ticino (TI)
55,11,1,1,From 14 to 16 years old,15,Female,5.0,11,C,2,Unplugged,Ticino (TI)
55,12,1,0,From 14 to 16 years old,15,Female,5.0,11,C,1,Unplugged,Ticino (TI)
56,1,2,1,From 14 to 16 years old,14,Female,5.0,11,C,3,Unplugged,Ticino (TI)
56,2,2,1,From 14 to 16 years old,14,Female,5.0,11,C,3,Unplugged,Ticino (TI)
56,3,2,2,From 14 to 16 years old,14,Female,5.0,11,C,4,Unplugged,Ticino (TI)
56,4,2,1,From 14 to 16 years old,14,Female,5.0,11,C,3,Unplugged,Ticino (TI)
56,5,2,1,From 14 to 16 years old,14,Female,5.0,11,C,3,Unplugged,Ticino (TI)
56,6,2,1,From 14 to 16 years old,14,Female,5.0,11,C,3,Unplugged,Ticino (TI)
56,7,2,2,From 14 to 16 years old,14,Female,5.0,11,C,4,Unplugged,Ticino (TI)
56,8,2,2,From 14 to 16 years old,14,Female,5.0,11,C,4,Unplugged,Ticino (TI)
56,9,2,2,From 14 to 16 years old,14,Female,5.0,11,C,4,Unplugged,Ticino (TI)
56,10,2,1,From 14 to 16 years old,14,Female,5.0,11,C,3,Unplugged,Ticino (TI)
56,11,2,1,From 14 to 16 years old,14,Female,5.0,11,C,3,Unplugged,Ticino (TI)
56,12,2,0,From 14 to 16 years old,14,Female,5.0,11,C,2,Unplugged,Ticino (TI)
57,1,2,1,From 14 to 16 years old,15,Male,5.0,11,C,3,Unplugged,Ticino (TI)
57,2,2,1,From 14 to 16 years old,15,Male,5.0,11,C,3,Unplugged,Ticino (TI)
57,3,1,1,From 14 to 16 years old,15,Male,5.0,11,C,2,Unplugged,Ticino (TI)
57,4,2,1,From 14 to 16 years old,15,Male,5.0,11,C,3,Unplugged,Ticino (TI)
57,5,2,1,From 14 to 16 years old,15,Male,5.0,11,C,3,Unplugged,Ticino (TI)
57,6,1,1,From 14 to 16 years old,15,Male,5.0,11,C,2,Unplugged,Ticino (TI)
57,7,1,1,From 14 to 16 years old,15,Male,5.0,11,C,2,Unplugged,Ticino (TI)
57,8,1,0,From 14 to 16 years old,15,Male,5.0,11,C,1,Unplugged,Ticino (TI)
57,9,1,2,From 14 to 16 years old,15,Male,5.0,11,C,3,Unplugged,Ticino (TI)
57,10,1,1,From 14 to 16 years old,15,Male,5.0,11,C,2,Unplugged,Ticino (TI)
57,11,1,1,From 14 to 16 years old,15,Male,5.0,11,C,2,Unplugged,Ticino (TI)
57,12,1,1,From 14 to 16 years old,15,Male,5.0,11,C,2,Unplugged,Ticino (TI)
58,1,2,1,From 14 to 16 years old,14,Male,5.0,11,C,3,Unplugged,Ticino (TI)
58,2,2,1,From 14 to 16 years old,14,Male,5.0,11,C,3,Unplugged,Ticino (TI)
58,3,2,1,From 14 to 16 years old,14,Male,5.0,11,C,3,Unplugged,Ticino (TI)
58,4,2,1,From 14 to 16 years old,14,Male,5.0,11,C,3,Unplugged,Ticino (TI)
58,5,2,1,From 14 to 16 years old,14,Male,5.0,11,C,3,Unplugged,Ticino (TI)
58,6,2,1,From 14 to 16 years old,14,Male,5.0,11,C,3,Unplugged,Ticino (TI)
58,7,2,0,From 14 to 16 years old,14,Male,5.0,11,C,2,Unplugged,Ticino (TI)
58,8,2,0,From 14 to 16 years old,14,Male,5.0,11,C,2,Unplugged,Ticino (TI)
58,9,2,0,From 14 to 16 years old,14,Male,5.0,11,C,2,Unplugged,Ticino (TI)
58,10,2,1,From 14 to 16 years old,14,Male,5.0,11,C,3,Unplugged,Ticino (TI)
58,11,2,1,From 14 to 16 years old,14,Male,5.0,11,C,3,Unplugged,Ticino (TI)
58,12,2,0,From 14 to 16 years old,14,Male,5.0,11,C,2,Unplugged,Ticino (TI)
59,1,2,1,From 14 to 16 years old,13,Male,4.0,10,C,3,Unplugged,Ticino (TI)
59,2,2,1,From 14 to 16 years old,13,Male,4.0,10,C,3,Unplugged,Ticino (TI)
59,3,2,1,From 14 to 16 years old,13,Male,4.0,10,C,3,Unplugged,Ticino (TI)
59,4,2,1,From 14 to 16 years old,13,Male,4.0,10,C,3,Unplugged,Ticino (TI)
59,5,2,1,From 14 to 16 years old,13,Male,4.0,10,C,3,Unplugged,Ticino (TI)
59,6,2,1,From 14 to 16 years old,13,Male,4.0,10,C,3,Unplugged,Ticino (TI)
59,7,1,0,From 14 to 16 years old,13,Male,4.0,10,C,1,Unplugged,Ticino (TI)
59,8,1,0,From 14 to 16 years old,13,Male,4.0,10,C,1,Unplugged,Ticino (TI)
59,9,1,2,From 14 to 16 years old,13,Male,4.0,10,C,3,Unplugged,Ticino (TI)
59,10,1,1,From 14 to 16 years old,13,Male,4.0,10,C,2,Unplugged,Ticino (TI)
59,11,2,1,From 14 to 16 years old,13,Male,4.0,10,C,3,Unplugged,Ticino (TI)
59,12,2,0,From 14 to 16 years old,13,Male,4.0,10,C,2,Unplugged,Ticino (TI)
60,1,2,1,From 14 to 16 years old,13,Female,4.0,10,C,3,Unplugged,Ticino (TI)
60,2,2,1,From 14 to 16 years old,13,Female,4.0,10,C,3,Unplugged,Ticino (TI)
60,3,2,1,From 14 to 16 years old,13,Female,4.0,10,C,3,Unplugged,Ticino (TI)
60,4,2,1,From 14 to 16 years old,13,Female,4.0,10,C,3,Unplugged,Ticino (TI)
60,5,2,1,From 14 to 16 years old,13,Female,4.0,10,C,3,Unplugged,Ticino (TI)
60,6,2,1,From 14 to 16 years old,13,Female,4.0,10,C,3,Unplugged,Ticino (TI)
60,7,2,1,From 14 to 16 years old,13,Female,4.0,10,C,3,Unplugged,Ticino (TI)
60,8,2,1,From 14 to 16 years old,13,Female,4.0,10,C,3,Unplugged,Ticino (TI)
60,9,2,2,From 14 to 16 years old,13,Female,4.0,10,C,4,Unplugged,Ticino (TI)
60,10,2,1,From 14 to 16 years old,13,Female,4.0,10,C,3,Unplugged,Ticino (TI)
60,11,2,1,From 14 to 16 years old,13,Female,4.0,10,C,3,Unplugged,Ticino (TI)
60,12,2,0,From 14 to 16 years old,13,Female,4.0,10,C,2,Unplugged,Ticino (TI)
61,1,2,1,From 14 to 16 years old,13,Female,4.0,10,C,3,Unplugged,Ticino (TI)
61,2,2,1,From 14 to 16 years old,13,Female,4.0,10,C,3,Unplugged,Ticino (TI)
61,3,2,1,From 14 to 16 years old,13,Female,4.0,10,C,3,Unplugged,Ticino (TI)
61,4,2,1,From 14 to 16 years old,13,Female,4.0,10,C,3,Unplugged,Ticino (TI)
61,5,2,1,From 14 to 16 years old,13,Female,4.0,10,C,3,Unplugged,Ticino (TI)
61,6,2,1,From 14 to 16 years old,13,Female,4.0,10,C,3,Unplugged,Ticino (TI)
61,7,1,2,From 14 to 16 years old,13,Female,4.0,10,C,3,Unplugged,Ticino (TI)
61,8,1,2,From 14 to 16 years old,13,Female,4.0,10,C,3,Unplugged,Ticino (TI)
61,9,1,2,From 14 to 16 years old,13,Female,4.0,10,C,3,Unplugged,Ticino (TI)
61,10,1,1,From 14 to 16 years old,13,Female,4.0,10,C,2,Unplugged,Ticino (TI)
61,11,1,1,From 14 to 16 years old,13,Female,4.0,10,C,2,Unplugged,Ticino (TI)
61,12,1,0,From 14 to 16 years old,13,Female,4.0,10,C,1,Unplugged,Ticino (TI)
62,1,2,1,From 14 to 16 years old,13,Female,4.0,10,C,3,Unplugged,Ticino (TI)
62,2,1,1,From 14 to 16 years old,13,Female,4.0,10,C,2,Unplugged,Ticino (TI)
62,3,2,1,From 14 to 16 years old,13,Female,4.0,10,C,3,Unplugged,Ticino (TI)
62,4,2,2,From 14 to 16 years old,13,Female,4.0,10,C,4,Unplugged,Ticino (TI)
62,5,1,1,From 14 to 16 years old,13,Female,4.0,10,C,2,Unplugged,Ticino (TI)
62,6,1,1,From 14 to 16 years old,13,Female,4.0,10,C,2,Unplugged,Ticino (TI)
62,7,1,2,From 14 to 16 years old,13,Female,4.0,10,C,3,Unplugged,Ticino (TI)
62,8,1,2,From 14 to 16 years old,13,Female,4.0,10,C,3,Unplugged,Ticino (TI)
62,9,2,2,From 14 to 16 years old,13,Female,4.0,10,C,4,Unplugged,Ticino (TI)
62,10,2,1,From 14 to 16 years old,13,Female,4.0,10,C,3,Unplugged,Ticino (TI)
62,11,2,1,From 14 to 16 years old,13,Female,4.0,10,C,3,Unplugged,Ticino (TI)
62,12,2,0,From 14 to 16 years old,13,Female,4.0,10,C,2,Unplugged,Ticino (TI)
63,1,2,1,From 14 to 16 years old,13,Female,4.0,10,C,3,Unplugged,Ticino (TI)
63,2,2,1,From 14 to 16 years old,13,Female,4.0,10,C,3,Unplugged,Ticino (TI)
63,3,1,1,From 14 to 16 years old,13,Female,4.0,10,C,2,Unplugged,Ticino (TI)
63,4,2,1,From 14 to 16 years old,13,Female,4.0,10,C,3,Unplugged,Ticino (TI)
63,5,2,1,From 14 to 16 years old,13,Female,4.0,10,C,3,Unplugged,Ticino (TI)
63,6,2,1,From 14 to 16 years old,13,Female,4.0,10,C,3,Unplugged,Ticino (TI)
63,7,1,1,From 14 to 16 years old,13,Female,4.0,10,C,2,Unplugged,Ticino (TI)
63,8,2,2,From 14 to 16 years old,13,Female,4.0,10,C,4,Unplugged,Ticino (TI)
63,9,1,2,From 14 to 16 years old,13,Female,4.0,10,C,3,Unplugged,Ticino (TI)
63,10,2,1,From 14 to 16 years old,13,Female,4.0,10,C,3,Unplugged,Ticino (TI)
63,11,2,1,From 14 to 16 years old,13,Female,4.0,10,C,3,Unplugged,Ticino (TI)
63,12,1,0,From 14 to 16 years old,13,Female,4.0,10,C,1,Unplugged,Ticino (TI)
64,1,2,1,From 14 to 16 years old,13,Male,4.0,10,C,3,Unplugged,Ticino (TI)
64,2,2,1,From 14 to 16 years old,13,Male,4.0,10,C,3,Unplugged,Ticino (TI)
64,3,2,1,From 14 to 16 years old,13,Male,4.0,10,C,3,Unplugged,Ticino (TI)
64,4,2,1,From 14 to 16 years old,13,Male,4.0,10,C,3,Unplugged,Ticino (TI)
64,5,2,1,From 14 to 16 years old,13,Male,4.0,10,C,3,Unplugged,Ticino (TI)
64,6,2,1,From 14 to 16 years old,13,Male,4.0,10,C,3,Unplugged,Ticino (TI)
64,7,2,0,From 14 to 16 years old,13,Male,4.0,10,C,2,Unplugged,Ticino (TI)
64,8,2,0,From 14 to 16 years old,13,Male,4.0,10,C,2,Unplugged,Ticino (TI)
64,9,2,2,From 14 to 16 years old,13,Male,4.0,10,C,4,Unplugged,Ticino (TI)
64,10,2,2,From 14 to 16 years old,13,Male,4.0,10,C,4,Unplugged,Ticino (TI)
64,11,2,1,From 14 to 16 years old,13,Male,4.0,10,C,3,Unplugged,Ticino (TI)
64,12,2,0,From 14 to 16 years old,13,Male,4.0,10,C,2,Unplugged,Ticino (TI)
65,1,2,1,From 14 to 16 years old,13,Female,4.0,10,C,3,Unplugged,Ticino (TI)
65,2,1,1,From 14 to 16 years old,13,Female,4.0,10,C,2,Unplugged,Ticino (TI)
65,3,1,1,From 14 to 16 years old,13,Female,4.0,10,C,2,Unplugged,Ticino (TI)
65,4,2,1,From 14 to 16 years old,13,Female,4.0,10,C,3,Unplugged,Ticino (TI)
65,5,2,1,From 14 to 16 years old,13,Female,4.0,10,C,3,Unplugged,Ticino (TI)
65,6,2,1,From 14 to 16 years old,13,Female,4.0,10,C,3,Unplugged,Ticino (TI)
65,7,1,2,From 14 to 16 years old,13,Female,4.0,10,C,3,Unplugged,Ticino (TI)
65,8,2,2,From 14 to 16 years old,13,Female,4.0,10,C,4,Unplugged,Ticino (TI)
65,9,2,2,From 14 to 16 years old,13,Female,4.0,10,C,4,Unplugged,Ticino (TI)
65,10,0,2,From 14 to 16 years old,13,Female,4.0,10,C,2,Unplugged,Ticino (TI)
65,11,2,1,From 14 to 16 years old,13,Female,4.0,10,C,3,Unplugged,Ticino (TI)
65,12,1,0,From 14 to 16 years old,13,Female,4.0,10,C,1,Unplugged,Ticino (TI)
66,1,2,1,From 7 to 9 years old,8,Female,6.0,5,B,3,Unplugged,Ticino (TI)
66,2,2,1,From 7 to 9 years old,8,Female,6.0,5,B,3,Unplugged,Ticino (TI)
66,3,1,1,From 7 to 9 years old,8,Female,6.0,5,B,2,Unplugged,Ticino (TI)
66,4,1,1,From 7 to 9 years old,8,Female,6.0,5,B,2,Unplugged,Ticino (TI)
66,5,1,1,From 7 to 9 years old,8,Female,6.0,5,B,2,Unplugged,Ticino (TI)
66,6,1,1,From 7 to 9 years old,8,Female,6.0,5,B,2,Unplugged,Ticino (TI)
66,7,1,0,From 7 to 9 years old,8,Female,6.0,5,B,1,Unplugged,Ticino (TI)
66,8,1,0,From 7 to 9 years old,8,Female,6.0,5,B,1,Unplugged,Ticino (TI)
66,9,0,0,From 7 to 9 years old,8,Female,6.0,5,B,0,Unplugged,Ticino (TI)
66,10,1,0,From 7 to 9 years old,8,Female,6.0,5,B,1,Unplugged,Ticino (TI)
66,11,1,0,From 7 to 9 years old,8,Female,6.0,5,B,1,Unplugged,Ticino (TI)
66,12,1,0,From 7 to 9 years old,8,Female,6.0,5,B,1,Unplugged,Ticino (TI)
67,1,1,2,From 7 to 9 years old,9,Female,6.0,5,B,3,Unplugged,Ticino (TI)
67,2,1,1,From 7 to 9 years old,9,Female,6.0,5,B,2,Unplugged,Ticino (TI)
67,3,1,1,From 7 to 9 years old,9,Female,6.0,5,B,2,Unplugged,Ticino (TI)
67,4,1,1,From 7 to 9 years old,9,Female,6.0,5,B,2,Unplugged,Ticino (TI)
67,5,1,1,From 7 to 9 years old,9,Female,6.0,5,B,2,Unplugged,Ticino (TI)
67,6,1,1,From 7 to 9 years old,9,Female,6.0,5,B,2,Unplugged,Ticino (TI)
67,7,1,2,From 7 to 9 years old,9,Female,6.0,5,B,3,Unplugged,Ticino (TI)
67,8,1,2,From 7 to 9 years old,9,Female,6.0,5,B,3,Unplugged,Ticino (TI)
67,9,1,2,From 7 to 9 years old,9,Female,6.0,5,B,3,Unplugged,Ticino (TI)
67,10,1,2,From 7 to 9 years old,9,Female,6.0,5,B,3,Unplugged,Ticino (TI)
67,11,1,1,From 7 to 9 years old,9,Female,6.0,5,B,2,Unplugged,Ticino (TI)
67,12,1,0,From 7 to 9 years old,9,Female,6.0,5,B,1,Unplugged,Ticino (TI)
68,1,2,2,From 7 to 9 years old,8,Female,6.0,5,B,4,Unplugged,Ticino (TI)
68,2,2,1,From 7 to 9 years old,8,Female,6.0,5,B,3,Unplugged,Ticino (TI)
68,3,2,1,From 7 to 9 years old,8,Female,6.0,5,B,3,Unplugged,Ticino (TI)
68,4,2,1,From 7 to 9 years old,8,Female,6.0,5,B,3,Unplugged,Ticino (TI)
68,5,2,1,From 7 to 9 years old,8,Female,6.0,5,B,3,Unplugged,Ticino (TI)
68,6,2,1,From 7 to 9 years old,8,Female,6.0,5,B,3,Unplugged,Ticino (TI)
68,7,1,0,From 7 to 9 years old,8,Female,6.0,5,B,1,Unplugged,Ticino (TI)
68,8,0,2,From 7 to 9 years old,8,Female,6.0,5,B,2,Unplugged,Ticino (TI)
68,9,1,2,From 7 to 9 years old,8,Female,6.0,5,B,3,Unplugged,Ticino (TI)
68,10,1,1,From 7 to 9 years old,8,Female,6.0,5,B,2,Unplugged,Ticino (TI)
68,11,1,1,From 7 to 9 years old,8,Female,6.0,5,B,2,Unplugged,Ticino (TI)
68,12,1,0,From 7 to 9 years old,8,Female,6.0,5,B,1,Unplugged,Ticino (TI)
69,1,0,0,From 7 to 9 years old,9,Female,6.0,5,B,0,Unplugged,Ticino (TI)
69,2,2,1,From 7 to 9 years old,9,Female,6.0,5,B,3,Unplugged,Ticino (TI)
69,3,0,1,From 7 to 9 years old,9,Female,6.0,5,B,1,Unplugged,Ticino (TI)
69,4,0,1,From 7 to 9 years old,9,Female,6.0,5,B,1,Unplugged,Ticino (TI)
69,5,1,1,From 7 to 9 years old,9,Female,6.0,5,B,2,Unplugged,Ticino (TI)
69,6,1,1,From 7 to 9 years old,9,Female,6.0,5,B,2,Unplugged,Ticino (TI)
69,7,0,1,From 7 to 9 years old,9,Female,6.0,5,B,1,Unplugged,Ticino (TI)
69,8,1,0,From 7 to 9 years old,9,Female,6.0,5,B,1,Unplugged,Ticino (TI)
69,9,1,0,From 7 to 9 years old,9,Female,6.0,5,B,1,Unplugged,Ticino (TI)
69,10,1,1,From 7 to 9 years old,9,Female,6.0,5,B,2,Unplugged,Ticino (TI)
69,11,1,1,From 7 to 9 years old,9,Female,6.0,5,B,2,Unplugged,Ticino (TI)
69,12,0,0,From 7 to 9 years old,9,Female,6.0,5,B,0,Unplugged,Ticino (TI)
70,1,2,1,From 7 to 9 years old,9,Male,6.0,5,B,3,Unplugged,Ticino (TI)
70,2,2,1,From 7 to 9 years old,9,Male,6.0,5,B,3,Unplugged,Ticino (TI)
70,3,1,1,From 7 to 9 years old,9,Male,6.0,5,B,2,Unplugged,Ticino (TI)
70,4,1,1,From 7 to 9 years old,9,Male,6.0,5,B,2,Unplugged,Ticino (TI)
70,5,1,1,From 7 to 9 years old,9,Male,6.0,5,B,2,Unplugged,Ticino (TI)
70,6,2,1,From 7 to 9 years old,9,Male,6.0,5,B,3,Unplugged,Ticino (TI)
70,7,1,0,From 7 to 9 years old,9,Male,6.0,5,B,1,Unplugged,Ticino (TI)
70,8,1,0,From 7 to 9 years old,9,Male,6.0,5,B,1,Unplugged,Ticino (TI)
70,9,1,0,From 7 to 9 years old,9,Male,6.0,5,B,1,Unplugged,Ticino (TI)
70,10,1,2,From 7 to 9 years old,9,Male,6.0,5,B,3,Unplugged,Ticino (TI)
70,11,1,2,From 7 to 9 years old,9,Male,6.0,5,B,3,Unplugged,Ticino (TI)
70,12,1,0,From 7 to 9 years old,9,Male,6.0,5,B,1,Unplugged,Ticino (TI)
71,1,2,1,From 7 to 9 years old,8,Female,6.0,5,B,3,Unplugged,Ticino (TI)
71,2,0,1,From 7 to 9 years old,8,Female,6.0,5,B,1,Unplugged,Ticino (TI)
71,3,1,1,From 7 to 9 years old,8,Female,6.0,5,B,2,Unplugged,Ticino (TI)
71,4,1,1,From 7 to 9 years old,8,Female,6.0,5,B,2,Unplugged,Ticino (TI)
71,5,1,1,From 7 to 9 years old,8,Female,6.0,5,B,2,Unplugged,Ticino (TI)
71,6,1,1,From 7 to 9 years old,8,Female,6.0,5,B,2,Unplugged,Ticino (TI)
71,7,1,2,From 7 to 9 years old,8,Female,6.0,5,B,3,Unplugged,Ticino (TI)
71,8,1,2,From 7 to 9 years old,8,Female,6.0,5,B,3,Unplugged,Ticino (TI)
71,9,1,2,From 7 to 9 years old,8,Female,6.0,5,B,3,Unplugged,Ticino (TI)
72,1,2,1,From 7 to 9 years old,9,Female,6.0,5,B,3,Unplugged,Ticino (TI)
72,2,2,1,From 7 to 9 years old,9,Female,6.0,5,B,3,Unplugged,Ticino (TI)
72,3,2,1,From 7 to 9 years old,9,Female,6.0,5,B,3,Unplugged,Ticino (TI)
72,4,2,1,From 7 to 9 years old,9,Female,6.0,5,B,3,Unplugged,Ticino (TI)
72,5,2,1,From 7 to 9 years old,9,Female,6.0,5,B,3,Unplugged,Ticino (TI)
72,6,2,1,From 7 to 9 years old,9,Female,6.0,5,B,3,Unplugged,Ticino (TI)
72,7,1,0,From 7 to 9 years old,9,Female,6.0,5,B,1,Unplugged,Ticino (TI)
72,8,1,0,From 7 to 9 years old,9,Female,6.0,5,B,1,Unplugged,Ticino (TI)
72,9,0,0,From 7 to 9 years old,9,Female,6.0,5,B,0,Unplugged,Ticino (TI)
72,10,1,0,From 7 to 9 years old,9,Female,6.0,5,B,1,Unplugged,Ticino (TI)
72,11,1,2,From 7 to 9 years old,9,Female,6.0,5,B,3,Unplugged,Ticino (TI)
72,12,1,0,From 7 to 9 years old,9,Female,6.0,5,B,1,Unplugged,Ticino (TI)
73,1,0,1,From 7 to 9 years old,8,Female,6.0,5,B,1,Unplugged,Ticino (TI)
73,2,1,1,From 7 to 9 years old,8,Female,6.0,5,B,2,Unplugged,Ticino (TI)
73,3,1,1,From 7 to 9 years old,8,Female,6.0,5,B,2,Unplugged,Ticino (TI)
73,4,1,1,From 7 to 9 years old,8,Female,6.0,5,B,2,Unplugged,Ticino (TI)
73,5,1,1,From 7 to 9 years old,8,Female,6.0,5,B,2,Unplugged,Ticino (TI)
73,6,1,1,From 7 to 9 years old,8,Female,6.0,5,B,2,Unplugged,Ticino (TI)
73,7,1,0,From 7 to 9 years old,8,Female,6.0,5,B,1,Unplugged,Ticino (TI)
73,8,1,0,From 7 to 9 years old,8,Female,6.0,5,B,1,Unplugged,Ticino (TI)
73,9,0,0,From 7 to 9 years old,8,Female,6.0,5,B,0,Unplugged,Ticino (TI)
73,10,1,1,From 7 to 9 years old,8,Female,6.0,5,B,2,Unplugged,Ticino (TI)
73,11,1,1,From 7 to 9 years old,8,Female,6.0,5,B,2,Unplugged,Ticino (TI)
73,12,1,1,From 7 to 9 years old,8,Female,6.0,5,B,2,Unplugged,Ticino (TI)
74,1,2,1,From 7 to 9 years old,9,Male,6.0,5,B,3,Unplugged,Ticino (TI)
74,2,2,1,From 7 to 9 years old,9,Male,6.0,5,B,3,Unplugged,Ticino (TI)
74,3,2,1,From 7 to 9 years old,9,Male,6.0,5,B,3,Unplugged,Ticino (TI)
74,4,2,1,From 7 to 9 years old,9,Male,6.0,5,B,3,Unplugged,Ticino (TI)
74,5,2,1,From 7 to 9 years old,9,Male,6.0,5,B,3,Unplugged,Ticino (TI)
74,6,2,1,From 7 to 9 years old,9,Male,6.0,5,B,3,Unplugged,Ticino (TI)
74,7,2,0,From 7 to 9 years old,9,Male,6.0,5,B,2,Unplugged,Ticino (TI)
74,8,2,0,From 7 to 9 years old,9,Male,6.0,5,B,2,Unplugged,Ticino (TI)
74,9,2,0,From 7 to 9 years old,9,Male,6.0,5,B,2,Unplugged,Ticino (TI)
74,10,2,1,From 7 to 9 years old,9,Male,6.0,5,B,3,Unplugged,Ticino (TI)
74,11,2,2,From 7 to 9 years old,9,Male,6.0,5,B,4,Unplugged,Ticino (TI)
74,12,2,0,From 7 to 9 years old,9,Male,6.0,5,B,2,Unplugged,Ticino (TI)
75,1,2,1,From 7 to 9 years old,9,Male,6.0,5,B,3,Unplugged,Ticino (TI)
75,2,2,1,From 7 to 9 years old,9,Male,6.0,5,B,3,Unplugged,Ticino (TI)
75,3,2,2,From 7 to 9 years old,9,Male,6.0,5,B,4,Unplugged,Ticino (TI)
75,4,2,2,From 7 to 9 years old,9,Male,6.0,5,B,4,Unplugged,Ticino (TI)
75,5,2,1,From 7 to 9 years old,9,Male,6.0,5,B,3,Unplugged,Ticino (TI)
75,6,1,1,From 7 to 9 years old,9,Male,6.0,5,B,2,Unplugged,Ticino (TI)
75,7,1,2,From 7 to 9 years old,9,Male,6.0,5,B,3,Unplugged,Ticino (TI)
75,8,1,2,From 7 to 9 years old,9,Male,6.0,5,B,3,Unplugged,Ticino (TI)
75,9,1,2,From 7 to 9 years old,9,Male,6.0,5,B,3,Unplugged,Ticino (TI)
75,10,1,1,From 7 to 9 years old,9,Male,6.0,5,B,2,Unplugged,Ticino (TI)
75,11,1,1,From 7 to 9 years old,9,Male,6.0,5,B,2,Unplugged,Ticino (TI)
75,12,1,0,From 7 to 9 years old,9,Male,6.0,5,B,1,Unplugged,Ticino (TI)
76,1,2,1,From 7 to 9 years old,8,Male,6.0,5,B,3,Unplugged,Ticino (TI)
76,2,2,2,From 7 to 9 years old,8,Male,6.0,5,B,4,Unplugged,Ticino (TI)
76,3,1,1,From 7 to 9 years old,8,Male,6.0,5,B,2,Unplugged,Ticino (TI)
76,4,1,1,From 7 to 9 years old,8,Male,6.0,5,B,2,Unplugged,Ticino (TI)
76,5,1,1,From 7 to 9 years old,8,Male,6.0,5,B,2,Unplugged,Ticino (TI)
76,6,1,1,From 7 to 9 years old,8,Male,6.0,5,B,2,Unplugged,Ticino (TI)
76,7,1,0,From 7 to 9 years old,8,Male,6.0,5,B,1,Unplugged,Ticino (TI)
76,8,1,0,From 7 to 9 years old,8,Male,6.0,5,B,1,Unplugged,Ticino (TI)
76,9,1,2,From 7 to 9 years old,8,Male,6.0,5,B,3,Unplugged,Ticino (TI)
76,10,1,1,From 7 to 9 years old,8,Male,6.0,5,B,2,Unplugged,Ticino (TI)
76,11,1,1,From 7 to 9 years old,8,Male,6.0,5,B,2,Unplugged,Ticino (TI)
76,12,1,0,From 7 to 9 years old,8,Male,6.0,5,B,1,Unplugged,Ticino (TI)
77,1,1,1,From 7 to 9 years old,8,Male,6.0,5,B,2,Unplugged,Ticino (TI)
77,2,1,1,From 7 to 9 years old,8,Male,6.0,5,B,2,Unplugged,Ticino (TI)
77,3,1,0,From 7 to 9 years old,8,Male,6.0,5,B,1,Unplugged,Ticino (TI)
77,4,1,1,From 7 to 9 years old,8,Male,6.0,5,B,2,Unplugged,Ticino (TI)
77,5,1,1,From 7 to 9 years old,8,Male,6.0,5,B,2,Unplugged,Ticino (TI)
77,6,0,1,From 7 to 9 years old,8,Male,6.0,5,B,1,Unplugged,Ticino (TI)
77,7,1,0,From 7 to 9 years old,8,Male,6.0,5,B,1,Unplugged,Ticino (TI)
77,8,1,0,From 7 to 9 years old,8,Male,6.0,5,B,1,Unplugged,Ticino (TI)
77,9,0,0,From 7 to 9 years old,8,Male,6.0,5,B,0,Unplugged,Ticino (TI)
77,10,1,1,From 7 to 9 years old,8,Male,6.0,5,B,2,Unplugged,Ticino (TI)
77,11,1,1,From 7 to 9 years old,8,Male,6.0,5,B,2,Unplugged,Ticino (TI)
77,12,1,0,From 7 to 9 years old,8,Male,6.0,5,B,1,Unplugged,Ticino (TI)
78,1,2,1,From 7 to 9 years old,10,Male,6.0,5,B,3,Unplugged,Ticino (TI)
78,2,2,1,From 7 to 9 years old,10,Male,6.0,5,B,3,Unplugged,Ticino (TI)
78,3,2,1,From 7 to 9 years old,10,Male,6.0,5,B,3,Unplugged,Ticino (TI)
78,4,1,1,From 7 to 9 years old,10,Male,6.0,5,B,2,Unplugged,Ticino (TI)
78,5,1,1,From 7 to 9 years old,10,Male,6.0,5,B,2,Unplugged,Ticino (TI)
78,6,1,1,From 7 to 9 years old,10,Male,6.0,5,B,2,Unplugged,Ticino (TI)
78,7,1,0,From 7 to 9 years old,10,Male,6.0,5,B,1,Unplugged,Ticino (TI)
78,8,2,0,From 7 to 9 years old,10,Male,6.0,5,B,2,Unplugged,Ticino (TI)
78,9,2,0,From 7 to 9 years old,10,Male,6.0,5,B,2,Unplugged,Ticino (TI)
78,10,2,0,From 7 to 9 years old,10,Male,6.0,5,B,2,Unplugged,Ticino (TI)
78,11,2,0,From 7 to 9 years old,10,Male,6.0,5,B,2,Unplugged,Ticino (TI)
78,12,2,0,From 7 to 9 years old,10,Male,6.0,5,B,2,Unplugged,Ticino (TI)
79,1,2,1,From 7 to 9 years old,9,Male,6.0,5,B,3,Unplugged,Ticino (TI)
79,2,2,1,From 7 to 9 years old,9,Male,6.0,5,B,3,Unplugged,Ticino (TI)
79,3,1,1,From 7 to 9 years old,9,Male,6.0,5,B,2,Unplugged,Ticino (TI)
79,4,2,1,From 7 to 9 years old,9,Male,6.0,5,B,3,Unplugged,Ticino (TI)
79,5,2,1,From 7 to 9 years old,9,Male,6.0,5,B,3,Unplugged,Ticino (TI)
79,6,2,1,From 7 to 9 years old,9,Male,6.0,5,B,3,Unplugged,Ticino (TI)
79,7,0,1,From 7 to 9 years old,9,Male,6.0,5,B,1,Unplugged,Ticino (TI)
79,8,1,0,From 7 to 9 years old,9,Male,6.0,5,B,1,Unplugged,Ticino (TI)
79,9,1,0,From 7 to 9 years old,9,Male,6.0,5,B,1,Unplugged,Ticino (TI)
79,10,1,1,From 7 to 9 years old,9,Male,6.0,5,B,2,Unplugged,Ticino (TI)
79,11,1,1,From 7 to 9 years old,9,Male,6.0,5,B,2,Unplugged,Ticino (TI)
79,12,1,1,From 7 to 9 years old,9,Male,6.0,5,B,2,Unplugged,Ticino (TI)
80,1,2,1,From 7 to 9 years old,9,Male,6.0,5,B,3,Unplugged,Ticino (TI)
80,2,1,1,From 7 to 9 years old,9,Male,6.0,5,B,2,Unplugged,Ticino (TI)
80,3,1,1,From 7 to 9 years old,9,Male,6.0,5,B,2,Unplugged,Ticino (TI)
80,4,1,1,From 7 to 9 years old,9,Male,6.0,5,B,2,Unplugged,Ticino (TI)
80,5,1,1,From 7 to 9 years old,9,Male,6.0,5,B,2,Unplugged,Ticino (TI)
80,6,1,1,From 7 to 9 years old,9,Male,6.0,5,B,2,Unplugged,Ticino (TI)
80,7,1,0,From 7 to 9 years old,9,Male,6.0,5,B,1,Unplugged,Ticino (TI)
80,8,1,2,From 7 to 9 years old,9,Male,6.0,5,B,3,Unplugged,Ticino (TI)
80,9,1,0,From 7 to 9 years old,9,Male,6.0,5,B,1,Unplugged,Ticino (TI)
80,10,1,1,From 7 to 9 years old,9,Male,6.0,5,B,2,Unplugged,Ticino (TI)
80,11,1,1,From 7 to 9 years old,9,Male,6.0,5,B,2,Unplugged,Ticino (TI)
80,12,0,0,From 7 to 9 years old,9,Male,6.0,5,B,0,Unplugged,Ticino (TI)
81,1,2,1,From 10 to 13 years old,11,Male,7.0,7,B,3,Unplugged,Ticino (TI)
81,2,2,1,From 10 to 13 years old,11,Male,7.0,7,B,3,Unplugged,Ticino (TI)
81,3,2,1,From 10 to 13 years old,11,Male,7.0,7,B,3,Unplugged,Ticino (TI)
81,4,1,1,From 10 to 13 years old,11,Male,7.0,7,B,2,Unplugged,Ticino (TI)
81,5,2,1,From 10 to 13 years old,11,Male,7.0,7,B,3,Unplugged,Ticino (TI)
81,6,2,1,From 10 to 13 years old,11,Male,7.0,7,B,3,Unplugged,Ticino (TI)
81,7,0,2,From 10 to 13 years old,11,Male,7.0,7,B,2,Unplugged,Ticino (TI)
81,8,1,0,From 10 to 13 years old,11,Male,7.0,7,B,1,Unplugged,Ticino (TI)
81,9,2,2,From 10 to 13 years old,11,Male,7.0,7,B,4,Unplugged,Ticino (TI)
82,1,2,1,From 10 to 13 years old,11,Female,7.0,7,B,3,Unplugged,Ticino (TI)
82,2,2,1,From 10 to 13 years old,11,Female,7.0,7,B,3,Unplugged,Ticino (TI)
82,3,1,1,From 10 to 13 years old,11,Female,7.0,7,B,2,Unplugged,Ticino (TI)
82,4,1,1,From 10 to 13 years old,11,Female,7.0,7,B,2,Unplugged,Ticino (TI)
82,5,1,1,From 10 to 13 years old,11,Female,7.0,7,B,2,Unplugged,Ticino (TI)
82,6,1,1,From 10 to 13 years old,11,Female,7.0,7,B,2,Unplugged,Ticino (TI)
82,7,1,0,From 10 to 13 years old,11,Female,7.0,7,B,1,Unplugged,Ticino (TI)
82,8,1,0,From 10 to 13 years old,11,Female,7.0,7,B,1,Unplugged,Ticino (TI)
82,9,1,0,From 10 to 13 years old,11,Female,7.0,7,B,1,Unplugged,Ticino (TI)
82,10,1,1,From 10 to 13 years old,11,Female,7.0,7,B,2,Unplugged,Ticino (TI)
82,11,1,1,From 10 to 13 years old,11,Female,7.0,7,B,2,Unplugged,Ticino (TI)
82,12,1,0,From 10 to 13 years old,11,Female,7.0,7,B,1,Unplugged,Ticino (TI)
83,1,2,1,From 10 to 13 years old,10,Female,7.0,7,B,3,Unplugged,Ticino (TI)
83,2,1,1,From 10 to 13 years old,10,Female,7.0,7,B,2,Unplugged,Ticino (TI)
83,3,1,1,From 10 to 13 years old,10,Female,7.0,7,B,2,Unplugged,Ticino (TI)
83,4,1,1,From 10 to 13 years old,10,Female,7.0,7,B,2,Unplugged,Ticino (TI)
83,5,1,1,From 10 to 13 years old,10,Female,7.0,7,B,2,Unplugged,Ticino (TI)
83,6,1,1,From 10 to 13 years old,10,Female,7.0,7,B,2,Unplugged,Ticino (TI)
83,7,1,0,From 10 to 13 years old,10,Female,7.0,7,B,1,Unplugged,Ticino (TI)
83,8,1,0,From 10 to 13 years old,10,Female,7.0,7,B,1,Unplugged,Ticino (TI)
83,9,1,0,From 10 to 13 years old,10,Female,7.0,7,B,1,Unplugged,Ticino (TI)
83,10,1,1,From 10 to 13 years old,10,Female,7.0,7,B,2,Unplugged,Ticino (TI)
83,11,1,1,From 10 to 13 years old,10,Female,7.0,7,B,2,Unplugged,Ticino (TI)
83,12,1,0,From 10 to 13 years old,10,Female,7.0,7,B,1,Unplugged,Ticino (TI)
84,1,2,1,From 10 to 13 years old,10,Male,7.0,7,B,3,Unplugged,Ticino (TI)
84,2,1,1,From 10 to 13 years old,10,Male,7.0,7,B,2,Unplugged,Ticino (TI)
84,3,2,1,From 10 to 13 years old,10,Male,7.0,7,B,3,Unplugged,Ticino (TI)
84,4,2,1,From 10 to 13 years old,10,Male,7.0,7,B,3,Unplugged,Ticino (TI)
84,5,2,1,From 10 to 13 years old,10,Male,7.0,7,B,3,Unplugged,Ticino (TI)
84,6,1,1,From 10 to 13 years old,10,Male,7.0,7,B,2,Unplugged,Ticino (TI)
84,7,1,1,From 10 to 13 years old,10,Male,7.0,7,B,2,Unplugged,Ticino (TI)
84,8,2,1,From 10 to 13 years old,10,Male,7.0,7,B,3,Unplugged,Ticino (TI)
84,9,2,2,From 10 to 13 years old,10,Male,7.0,7,B,4,Unplugged,Ticino (TI)
84,10,2,2,From 10 to 13 years old,10,Male,7.0,7,B,4,Unplugged,Ticino (TI)
84,11,2,1,From 10 to 13 years old,10,Male,7.0,7,B,3,Unplugged,Ticino (TI)
84,12,1,1,From 10 to 13 years old,10,Male,7.0,7,B,2,Unplugged,Ticino (TI)
85,1,2,1,From 10 to 13 years old,10,Male,7.0,7,B,3,Unplugged,Ticino (TI)
85,2,2,1,From 10 to 13 years old,10,Male,7.0,7,B,3,Unplugged,Ticino (TI)
85,3,2,1,From 10 to 13 years old,10,Male,7.0,7,B,3,Unplugged,Ticino (TI)
85,4,2,1,From 10 to 13 years old,10,Male,7.0,7,B,3,Unplugged,Ticino (TI)
85,5,2,1,From 10 to 13 years old,10,Male,7.0,7,B,3,Unplugged,Ticino (TI)
85,6,2,1,From 10 to 13 years old,10,Male,7.0,7,B,3,Unplugged,Ticino (TI)
85,7,2,0,From 10 to 13 years old,10,Male,7.0,7,B,2,Unplugged,Ticino (TI)
85,8,2,0,From 10 to 13 years old,10,Male,7.0,7,B,2,Unplugged,Ticino (TI)
85,9,2,0,From 10 to 13 years old,10,Male,7.0,7,B,2,Unplugged,Ticino (TI)
85,10,2,2,From 10 to 13 years old,10,Male,7.0,7,B,4,Unplugged,Ticino (TI)
85,11,2,2,From 10 to 13 years old,10,Male,7.0,7,B,4,Unplugged,Ticino (TI)
85,12,2,0,From 10 to 13 years old,10,Male,7.0,7,B,2,Unplugged,Ticino (TI)
86,1,2,1,From 10 to 13 years old,10,Male,7.0,7,B,3,Unplugged,Ticino (TI)
86,2,2,1,From 10 to 13 years old,10,Male,7.0,7,B,3,Unplugged,Ticino (TI)
86,3,2,1,From 10 to 13 years old,10,Male,7.0,7,B,3,Unplugged,Ticino (TI)
86,4,2,1,From 10 to 13 years old,10,Male,7.0,7,B,3,Unplugged,Ticino (TI)
86,5,2,1,From 10 to 13 years old,10,Male,7.0,7,B,3,Unplugged,Ticino (TI)
86,6,2,1,From 10 to 13 years old,10,Male,7.0,7,B,3,Unplugged,Ticino (TI)
86,7,2,0,From 10 to 13 years old,10,Male,7.0,7,B,2,Unplugged,Ticino (TI)
86,8,1,1,From 10 to 13 years old,10,Male,7.0,7,B,2,Unplugged,Ticino (TI)
86,9,1,2,From 10 to 13 years old,10,Male,7.0,7,B,3,Unplugged,Ticino (TI)
86,10,1,1,From 10 to 13 years old,10,Male,7.0,7,B,2,Unplugged,Ticino (TI)
86,11,1,1,From 10 to 13 years old,10,Male,7.0,7,B,2,Unplugged,Ticino (TI)
86,12,1,0,From 10 to 13 years old,10,Male,7.0,7,B,1,Unplugged,Ticino (TI)
87,1,2,1,From 10 to 13 years old,10,Male,7.0,7,B,3,Unplugged,Ticino (TI)
87,2,2,1,From 10 to 13 years old,10,Male,7.0,7,B,3,Unplugged,Ticino (TI)
87,3,2,1,From 10 to 13 years old,10,Male,7.0,7,B,3,Unplugged,Ticino (TI)
87,4,2,1,From 10 to 13 years old,10,Male,7.0,7,B,3,Unplugged,Ticino (TI)
87,5,2,1,From 10 to 13 years old,10,Male,7.0,7,B,3,Unplugged,Ticino (TI)
87,6,2,1,From 10 to 13 years old,10,Male,7.0,7,B,3,Unplugged,Ticino (TI)
87,7,1,0,From 10 to 13 years old,10,Male,7.0,7,B,1,Unplugged,Ticino (TI)
87,8,2,0,From 10 to 13 years old,10,Male,7.0,7,B,2,Unplugged,Ticino (TI)
87,9,2,0,From 10 to 13 years old,10,Male,7.0,7,B,2,Unplugged,Ticino (TI)
87,10,2,0,From 10 to 13 years old,10,Male,7.0,7,B,2,Unplugged,Ticino (TI)
87,11,2,2,From 10 to 13 years old,10,Male,7.0,7,B,4,Unplugged,Ticino (TI)
87,12,2,0,From 10 to 13 years old,10,Male,7.0,7,B,2,Unplugged,Ticino (TI)
88,1,2,1,From 10 to 13 years old,10,Male,7.0,7,B,3,Unplugged,Ticino (TI)
88,2,2,1,From 10 to 13 years old,10,Male,7.0,7,B,3,Unplugged,Ticino (TI)
88,3,2,1,From 10 to 13 years old,10,Male,7.0,7,B,3,Unplugged,Ticino (TI)
88,4,2,1,From 10 to 13 years old,10,Male,7.0,7,B,3,Unplugged,Ticino (TI)
88,5,2,1,From 10 to 13 years old,10,Male,7.0,7,B,3,Unplugged,Ticino (TI)
88,6,2,1,From 10 to 13 years old,10,Male,7.0,7,B,3,Unplugged,Ticino (TI)
88,7,1,1,From 10 to 13 years old,10,Male,7.0,7,B,2,Unplugged,Ticino (TI)
88,8,1,1,From 10 to 13 years old,10,Male,7.0,7,B,2,Unplugged,Ticino (TI)
89,1,2,1,From 10 to 13 years old,10,Female,7.0,7,B,3,Unplugged,Ticino (TI)
89,2,2,1,From 10 to 13 years old,10,Female,7.0,7,B,3,Unplugged,Ticino (TI)
89,3,2,1,From 10 to 13 years old,10,Female,7.0,7,B,3,Unplugged,Ticino (TI)
89,4,2,1,From 10 to 13 years old,10,Female,7.0,7,B,3,Unplugged,Ticino (TI)
89,5,2,1,From 10 to 13 years old,10,Female,7.0,7,B,3,Unplugged,Ticino (TI)
89,6,2,1,From 10 to 13 years old,10,Female,7.0,7,B,3,Unplugged,Ticino (TI)
89,7,1,0,From 10 to 13 years old,10,Female,7.0,7,B,1,Unplugged,Ticino (TI)
89,8,1,2,From 10 to 13 years old,10,Female,7.0,7,B,3,Unplugged,Ticino (TI)
89,9,1,2,From 10 to 13 years old,10,Female,7.0,7,B,3,Unplugged,Ticino (TI)
89,10,1,1,From 10 to 13 years old,10,Female,7.0,7,B,2,Unplugged,Ticino (TI)
89,11,0,1,From 10 to 13 years old,10,Female,7.0,7,B,1,Unplugged,Ticino (TI)
89,12,1,0,From 10 to 13 years old,10,Female,7.0,7,B,1,Unplugged,Ticino (TI)
90,1,2,1,From 10 to 13 years old,12,Male,7.0,7,B,3,Unplugged,Ticino (TI)
90,2,2,1,From 10 to 13 years old,12,Male,7.0,7,B,3,Unplugged,Ticino (TI)
90,3,2,2,From 10 to 13 years old,12,Male,7.0,7,B,4,Unplugged,Ticino (TI)
90,4,2,2,From 10 to 13 years old,12,Male,7.0,7,B,4,Unplugged,Ticino (TI)
90,5,2,1,From 10 to 13 years old,12,Male,7.0,7,B,3,Unplugged,Ticino (TI)
90,6,1,1,From 10 to 13 years old,12,Male,7.0,7,B,2,Unplugged,Ticino (TI)
90,7,1,1,From 10 to 13 years old,12,Male,7.0,7,B,2,Unplugged,Ticino (TI)
90,8,1,1,From 10 to 13 years old,12,Male,7.0,7,B,2,Unplugged,Ticino (TI)
90,9,1,2,From 10 to 13 years old,12,Male,7.0,7,B,3,Unplugged,Ticino (TI)
90,10,1,1,From 10 to 13 years old,12,Male,7.0,7,B,2,Unplugged,Ticino (TI)
90,11,1,1,From 10 to 13 years old,12,Male,7.0,7,B,2,Unplugged,Ticino (TI)
90,12,1,1,From 10 to 13 years old,12,Male,7.0,7,B,2,Unplugged,Ticino (TI)
91,1,2,1,From 10 to 13 years old,10,Female,7.0,7,B,3,Unplugged,Ticino (TI)
91,2,1,1,From 10 to 13 years old,10,Female,7.0,7,B,2,Unplugged,Ticino (TI)
91,3,1,1,From 10 to 13 years old,10,Female,7.0,7,B,2,Unplugged,Ticino (TI)
91,4,1,1,From 10 to 13 years old,10,Female,7.0,7,B,2,Unplugged,Ticino (TI)
91,5,1,1,From 10 to 13 years old,10,Female,7.0,7,B,2,Unplugged,Ticino (TI)
91,6,1,1,From 10 to 13 years old,10,Female,7.0,7,B,2,Unplugged,Ticino (TI)
91,7,1,0,From 10 to 13 years old,10,Female,7.0,7,B,1,Unplugged,Ticino (TI)
91,8,1,0,From 10 to 13 years old,10,Female,7.0,7,B,1,Unplugged,Ticino (TI)
91,9,1,0,From 10 to 13 years old,10,Female,7.0,7,B,1,Unplugged,Ticino (TI)
91,10,0,1,From 10 to 13 years old,10,Female,7.0,7,B,1,Unplugged,Ticino (TI)
91,11,1,1,From 10 to 13 years old,10,Female,7.0,7,B,2,Unplugged,Ticino (TI)
91,12,1,0,From 10 to 13 years old,10,Female,7.0,7,B,1,Unplugged,Ticino (TI)
92,1,2,1,From 10 to 13 years old,11,Male,7.0,7,B,3,Unplugged,Ticino (TI)
92,2,2,1,From 10 to 13 years old,11,Male,7.0,7,B,3,Unplugged,Ticino (TI)
92,3,2,1,From 10 to 13 years old,11,Male,7.0,7,B,3,Unplugged,Ticino (TI)
92,4,2,1,From 10 to 13 years old,11,Male,7.0,7,B,3,Unplugged,Ticino (TI)
92,5,2,1,From 10 to 13 years old,11,Male,7.0,7,B,3,Unplugged,Ticino (TI)
92,6,2,1,From 10 to 13 years old,11,Male,7.0,7,B,3,Unplugged,Ticino (TI)
92,7,2,0,From 10 to 13 years old,11,Male,7.0,7,B,2,Unplugged,Ticino (TI)
92,8,2,0,From 10 to 13 years old,11,Male,7.0,7,B,2,Unplugged,Ticino (TI)
92,9,0,0,From 10 to 13 years old,11,Male,7.0,7,B,0,Unplugged,Ticino (TI)
92,10,1,1,From 10 to 13 years old,11,Male,7.0,7,B,2,Unplugged,Ticino (TI)
92,11,2,2,From 10 to 13 years old,11,Male,7.0,7,B,4,Unplugged,Ticino (TI)
92,12,2,0,From 10 to 13 years old,11,Male,7.0,7,B,2,Unplugged,Ticino (TI)
93,1,2,1,From 10 to 13 years old,10,Female,7.0,7,B,3,Unplugged,Ticino (TI)
93,2,2,1,From 10 to 13 years old,10,Female,7.0,7,B,3,Unplugged,Ticino (TI)
93,3,1,1,From 10 to 13 years old,10,Female,7.0,7,B,2,Unplugged,Ticino (TI)
93,4,1,1,From 10 to 13 years old,10,Female,7.0,7,B,2,Unplugged,Ticino (TI)
93,5,1,1,From 10 to 13 years old,10,Female,7.0,7,B,2,Unplugged,Ticino (TI)
93,6,1,1,From 10 to 13 years old,10,Female,7.0,7,B,2,Unplugged,Ticino (TI)
93,7,1,1,From 10 to 13 years old,10,Female,7.0,7,B,2,Unplugged,Ticino (TI)
93,8,0,1,From 10 to 13 years old,10,Female,7.0,7,B,1,Unplugged,Ticino (TI)
93,9,1,0,From 10 to 13 years old,10,Female,7.0,7,B,1,Unplugged,Ticino (TI)
93,10,1,1,From 10 to 13 years old,10,Female,7.0,7,B,2,Unplugged,Ticino (TI)
93,11,1,1,From 10 to 13 years old,10,Female,7.0,7,B,2,Unplugged,Ticino (TI)
93,12,1,1,From 10 to 13 years old,10,Female,7.0,7,B,2,Unplugged,Ticino (TI)
94,1,2,1,From 10 to 13 years old,11,Female,7.0,7,B,3,Unplugged,Ticino (TI)
94,2,2,1,From 10 to 13 years old,11,Female,7.0,7,B,3,Unplugged,Ticino (TI)
94,3,2,1,From 10 to 13 years old,11,Female,7.0,7,B,3,Unplugged,Ticino (TI)
94,4,2,1,From 10 to 13 years old,11,Female,7.0,7,B,3,Unplugged,Ticino (TI)
94,5,2,1,From 10 to 13 years old,11,Female,7.0,7,B,3,Unplugged,Ticino (TI)
94,6,2,1,From 10 to 13 years old,11,Female,7.0,7,B,3,Unplugged,Ticino (TI)
94,7,2,0,From 10 to 13 years old,11,Female,7.0,7,B,2,Unplugged,Ticino (TI)
94,8,2,0,From 10 to 13 years old,11,Female,7.0,7,B,2,Unplugged,Ticino (TI)
94,9,2,0,From 10 to 13 years old,11,Female,7.0,7,B,2,Unplugged,Ticino (TI)
94,10,2,1,From 10 to 13 years old,11,Female,7.0,7,B,3,Unplugged,Ticino (TI)
94,11,2,2,From 10 to 13 years old,11,Female,7.0,7,B,4,Unplugged,Ticino (TI)
94,12,2,0,From 10 to 13 years old,11,Female,7.0,7,B,2,Unplugged,Ticino (TI)
95,1,2,1,From 10 to 13 years old,11,Male,7.0,7,B,3,Unplugged,Ticino (TI)
95,2,1,1,From 10 to 13 years old,11,Male,7.0,7,B,2,Unplugged,Ticino (TI)
95,3,1,1,From 10 to 13 years old,11,Male,7.0,7,B,2,Unplugged,Ticino (TI)
95,4,1,1,From 10 to 13 years old,11,Male,7.0,7,B,2,Unplugged,Ticino (TI)
95,5,1,1,From 10 to 13 years old,11,Male,7.0,7,B,2,Unplugged,Ticino (TI)
95,6,1,1,From 10 to 13 years old,11,Male,7.0,7,B,2,Unplugged,Ticino (TI)
95,7,1,1,From 10 to 13 years old,11,Male,7.0,7,B,2,Unplugged,Ticino (TI)
95,8,1,2,From 10 to 13 years old,11,Male,7.0,7,B,3,Unplugged,Ticino (TI)
95,9,1,2,From 10 to 13 years old,11,Male,7.0,7,B,3,Unplugged,Ticino (TI)
95,10,1,1,From 10 to 13 years old,11,Male,7.0,7,B,2,Unplugged,Ticino (TI)
95,11,0,1,From 10 to 13 years old,11,Male,7.0,7,B,1,Unplugged,Ticino (TI)
95,12,1,0,From 10 to 13 years old,11,Male,7.0,7,B,1,Unplugged,Ticino (TI)
96,1,2,1,From 10 to 13 years old,11,Male,7.0,7,B,3,Unplugged,Ticino (TI)
96,2,2,1,From 10 to 13 years old,11,Male,7.0,7,B,3,Unplugged,Ticino (TI)
96,3,0,1,From 10 to 13 years old,11,Male,7.0,7,B,1,Unplugged,Ticino (TI)
96,4,0,1,From 10 to 13 years old,11,Male,7.0,7,B,1,Unplugged,Ticino (TI)
96,5,2,1,From 10 to 13 years old,11,Male,7.0,7,B,3,Unplugged,Ticino (TI)
96,6,1,1,From 10 to 13 years old,11,Male,7.0,7,B,2,Unplugged,Ticino (TI)
96,7,2,2,From 10 to 13 years old,11,Male,7.0,7,B,4,Unplugged,Ticino (TI)
96,8,1,2,From 10 to 13 years old,11,Male,7.0,7,B,3,Unplugged,Ticino (TI)
96,9,2,2,From 10 to 13 years old,11,Male,7.0,7,B,4,Unplugged,Ticino (TI)
96,10,1,1,From 10 to 13 years old,11,Male,7.0,7,B,2,Unplugged,Ticino (TI)
96,11,0,1,From 10 to 13 years old,11,Male,7.0,7,B,1,Unplugged,Ticino (TI)
96,12,2,0,From 10 to 13 years old,11,Male,7.0,7,B,2,Unplugged,Ticino (TI)
97,1,2,1,From 10 to 13 years old,11,Female,7.0,7,B,3,Unplugged,Ticino (TI)
97,2,2,1,From 10 to 13 years old,11,Female,7.0,7,B,3,Unplugged,Ticino (TI)
97,3,2,2,From 10 to 13 years old,11,Female,7.0,7,B,4,Unplugged,Ticino (TI)
97,4,2,2,From 10 to 13 years old,11,Female,7.0,7,B,4,Unplugged,Ticino (TI)
97,5,2,1,From 10 to 13 years old,11,Female,7.0,7,B,3,Unplugged,Ticino (TI)
97,6,2,1,From 10 to 13 years old,11,Female,7.0,7,B,3,Unplugged,Ticino (TI)
97,7,2,0,From 10 to 13 years old,11,Female,7.0,7,B,2,Unplugged,Ticino (TI)
97,8,2,0,From 10 to 13 years old,11,Female,7.0,7,B,2,Unplugged,Ticino (TI)
97,9,2,0,From 10 to 13 years old,11,Female,7.0,7,B,2,Unplugged,Ticino (TI)
97,10,2,0,From 10 to 13 years old,11,Female,7.0,7,B,2,Unplugged,Ticino (TI)
97,11,2,0,From 10 to 13 years old,11,Female,7.0,7,B,2,Unplugged,Ticino (TI)
97,12,2,0,From 10 to 13 years old,11,Female,7.0,7,B,2,Unplugged,Ticino (TI)
98,1,2,1,From 10 to 13 years old,10,Male,7.0,7,B,3,Unplugged,Ticino (TI)
98,2,2,1,From 10 to 13 years old,10,Male,7.0,7,B,3,Unplugged,Ticino (TI)
98,3,1,1,From 10 to 13 years old,10,Male,7.0,7,B,2,Unplugged,Ticino (TI)
98,4,1,1,From 10 to 13 years old,10,Male,7.0,7,B,2,Unplugged,Ticino (TI)
98,5,1,1,From 10 to 13 years old,10,Male,7.0,7,B,2,Unplugged,Ticino (TI)
98,6,1,1,From 10 to 13 years old,10,Male,7.0,7,B,2,Unplugged,Ticino (TI)
98,7,0,1,From 10 to 13 years old,10,Male,7.0,7,B,1,Unplugged,Ticino (TI)
98,8,0,1,From 10 to 13 years old,10,Male,7.0,7,B,1,Unplugged,Ticino (TI)
98,9,1,2,From 10 to 13 years old,10,Male,7.0,7,B,3,Unplugged,Ticino (TI)
98,10,0,1,From 10 to 13 years old,10,Male,7.0,7,B,1,Unplugged,Ticino (TI)
98,11,1,1,From 10 to 13 years old,10,Male,7.0,7,B,2,Unplugged,Ticino (TI)
98,12,1,1,From 10 to 13 years old,10,Male,7.0,7,B,2,Unplugged,Ticino (TI)
99,1,2,1,From 10 to 13 years old,10,Female,7.0,7,B,3,Unplugged,Ticino (TI)
99,2,1,1,From 10 to 13 years old,10,Female,7.0,7,B,2,Unplugged,Ticino (TI)
99,3,0,1,From 10 to 13 years old,10,Female,7.0,7,B,1,Unplugged,Ticino (TI)
99,4,2,1,From 10 to 13 years old,10,Female,7.0,7,B,3,Unplugged,Ticino (TI)
99,5,1,1,From 10 to 13 years old,10,Female,7.0,7,B,2,Unplugged,Ticino (TI)
99,6,2,1,From 10 to 13 years old,10,Female,7.0,7,B,3,Unplugged,Ticino (TI)
99,7,2,0,From 10 to 13 years old,10,Female,7.0,7,B,2,Unplugged,Ticino (TI)
99,8,2,2,From 10 to 13 years old,10,Female,7.0,7,B,4,Unplugged,Ticino (TI)
99,9,2,2,From 10 to 13 years old,10,Female,7.0,7,B,4,Unplugged,Ticino (TI)
99,10,2,0,From 10 to 13 years old,10,Female,7.0,7,B,2,Unplugged,Ticino (TI)
99,11,2,0,From 10 to 13 years old,10,Female,7.0,7,B,2,Unplugged,Ticino (TI)
99,12,2,0,From 10 to 13 years old,10,Female,7.0,7,B,2,Unplugged,Ticino (TI)
100,1,2,1,From 3 to 6 years old,6,Male,8.0,3,B,3,Unplugged,Ticino (TI)
100,2,1,1,From 3 to 6 years old,6,Male,8.0,3,B,2,Unplugged,Ticino (TI)
100,3,1,1,From 3 to 6 years old,6,Male,8.0,3,B,2,Unplugged,Ticino (TI)
100,4,1,1,From 3 to 6 years old,6,Male,8.0,3,B,2,Unplugged,Ticino (TI)
100,5,1,1,From 3 to 6 years old,6,Male,8.0,3,B,2,Unplugged,Ticino (TI)
100,6,1,1,From 3 to 6 years old,6,Male,8.0,3,B,2,Unplugged,Ticino (TI)
100,7,0,1,From 3 to 6 years old,6,Male,8.0,3,B,1,Unplugged,Ticino (TI)
100,8,1,0,From 3 to 6 years old,6,Male,8.0,3,B,1,Unplugged,Ticino (TI)
100,9,1,0,From 3 to 6 years old,6,Male,8.0,3,B,1,Unplugged,Ticino (TI)
100,10,0,0,From 3 to 6 years old,6,Male,8.0,3,B,0,Unplugged,Ticino (TI)
100,11,1,2,From 3 to 6 years old,6,Male,8.0,3,B,3,Unplugged,Ticino (TI)
100,12,0,0,From 3 to 6 years old,6,Male,8.0,3,B,0,Unplugged,Ticino (TI)
101,1,2,1,From 3 to 6 years old,7,Female,8.0,3,B,3,Unplugged,Ticino (TI)
101,2,2,1,From 3 to 6 years old,7,Female,8.0,3,B,3,Unplugged,Ticino (TI)
101,3,2,1,From 3 to 6 years old,7,Female,8.0,3,B,3,Unplugged,Ticino (TI)
101,4,2,1,From 3 to 6 years old,7,Female,8.0,3,B,3,Unplugged,Ticino (TI)
101,5,2,1,From 3 to 6 years old,7,Female,8.0,3,B,3,Unplugged,Ticino (TI)
101,6,2,1,From 3 to 6 years old,7,Female,8.0,3,B,3,Unplugged,Ticino (TI)
101,7,1,2,From 3 to 6 years old,7,Female,8.0,3,B,3,Unplugged,Ticino (TI)
101,8,1,2,From 3 to 6 years old,7,Female,8.0,3,B,3,Unplugged,Ticino (TI)
101,9,1,2,From 3 to 6 years old,7,Female,8.0,3,B,3,Unplugged,Ticino (TI)
101,10,1,1,From 3 to 6 years old,7,Female,8.0,3,B,2,Unplugged,Ticino (TI)
101,11,1,1,From 3 to 6 years old,7,Female,8.0,3,B,2,Unplugged,Ticino (TI)
101,12,1,0,From 3 to 6 years old,7,Female,8.0,3,B,1,Unplugged,Ticino (TI)
102,1,2,1,From 3 to 6 years old,6,Female,8.0,3,B,3,Unplugged,Ticino (TI)
102,2,2,1,From 3 to 6 years old,6,Female,8.0,3,B,3,Unplugged,Ticino (TI)
102,3,1,1,From 3 to 6 years old,6,Female,8.0,3,B,2,Unplugged,Ticino (TI)
102,4,1,1,From 3 to 6 years old,6,Female,8.0,3,B,2,Unplugged,Ticino (TI)
102,5,1,1,From 3 to 6 years old,6,Female,8.0,3,B,2,Unplugged,Ticino (TI)
102,6,1,1,From 3 to 6 years old,6,Female,8.0,3,B,2,Unplugged,Ticino (TI)
102,7,1,0,From 3 to 6 years old,6,Female,8.0,3,B,1,Unplugged,Ticino (TI)
102,8,1,0,From 3 to 6 years old,6,Female,8.0,3,B,1,Unplugged,Ticino (TI)
102,9,1,0,From 3 to 6 years old,6,Female,8.0,3,B,1,Unplugged,Ticino (TI)
102,10,1,1,From 3 to 6 years old,6,Female,8.0,3,B,2,Unplugged,Ticino (TI)
102,11,1,2,From 3 to 6 years old,6,Female,8.0,3,B,3,Unplugged,Ticino (TI)
102,12,1,0,From 3 to 6 years old,6,Female,8.0,3,B,1,Unplugged,Ticino (TI)
103,1,2,1,From 3 to 6 years old,7,Male,8.0,3,B,3,Unplugged,Ticino (TI)
103,2,1,1,From 3 to 6 years old,7,Male,8.0,3,B,2,Unplugged,Ticino (TI)
103,3,1,1,From 3 to 6 years old,7,Male,8.0,3,B,2,Unplugged,Ticino (TI)
103,4,1,1,From 3 to 6 years old,7,Male,8.0,3,B,2,Unplugged,Ticino (TI)
103,5,1,1,From 3 to 6 years old,7,Male,8.0,3,B,2,Unplugged,Ticino (TI)
103,6,1,1,From 3 to 6 years old,7,Male,8.0,3,B,2,Unplugged,Ticino (TI)
103,7,1,0,From 3 to 6 years old,7,Male,8.0,3,B,1,Unplugged,Ticino (TI)
103,8,1,1,From 3 to 6 years old,7,Male,8.0,3,B,2,Unplugged,Ticino (TI)
103,9,1,0,From 3 to 6 years old,7,Male,8.0,3,B,1,Unplugged,Ticino (TI)
103,10,1,1,From 3 to 6 years old,7,Male,8.0,3,B,2,Unplugged,Ticino (TI)
103,11,1,1,From 3 to 6 years old,7,Male,8.0,3,B,2,Unplugged,Ticino (TI)
103,12,1,0,From 3 to 6 years old,7,Male,8.0,3,B,1,Unplugged,Ticino (TI)
104,1,2,1,From 3 to 6 years old,7,Female,8.0,3,B,3,Unplugged,Ticino (TI)
104,2,2,1,From 3 to 6 years old,7,Female,8.0,3,B,3,Unplugged,Ticino (TI)
104,3,1,1,From 3 to 6 years old,7,Female,8.0,3,B,2,Unplugged,Ticino (TI)
104,4,1,1,From 3 to 6 years old,7,Female,8.0,3,B,2,Unplugged,Ticino (TI)
104,5,1,1,From 3 to 6 years old,7,Female,8.0,3,B,2,Unplugged,Ticino (TI)
104,6,1,1,From 3 to 6 years old,7,Female,8.0,3,B,2,Unplugged,Ticino (TI)
104,7,1,0,From 3 to 6 years old,7,Female,8.0,3,B,1,Unplugged,Ticino (TI)
104,8,1,0,From 3 to 6 years old,7,Female,8.0,3,B,1,Unplugged,Ticino (TI)
104,9,1,0,From 3 to 6 years old,7,Female,8.0,3,B,1,Unplugged,Ticino (TI)
104,10,1,1,From 3 to 6 years old,7,Female,8.0,3,B,2,Unplugged,Ticino (TI)
104,11,1,1,From 3 to 6 years old,7,Female,8.0,3,B,2,Unplugged,Ticino (TI)
104,12,1,0,From 3 to 6 years old,7,Female,8.0,3,B,1,Unplugged,Ticino (TI)
105,1,2,1,From 3 to 6 years old,7,Male,8.0,3,B,3,Unplugged,Ticino (TI)
105,2,2,1,From 3 to 6 years old,7,Male,8.0,3,B,3,Unplugged,Ticino (TI)
105,3,1,1,From 3 to 6 years old,7,Male,8.0,3,B,2,Unplugged,Ticino (TI)
105,4,1,1,From 3 to 6 years old,7,Male,8.0,3,B,2,Unplugged,Ticino (TI)
105,5,1,1,From 3 to 6 years old,7,Male,8.0,3,B,2,Unplugged,Ticino (TI)
105,6,1,1,From 3 to 6 years old,7,Male,8.0,3,B,2,Unplugged,Ticino (TI)
105,7,1,1,From 3 to 6 years old,7,Male,8.0,3,B,2,Unplugged,Ticino (TI)
105,8,0,1,From 3 to 6 years old,7,Male,8.0,3,B,1,Unplugged,Ticino (TI)
105,9,1,0,From 3 to 6 years old,7,Male,8.0,3,B,1,Unplugged,Ticino (TI)
105,10,1,1,From 3 to 6 years old,7,Male,8.0,3,B,2,Unplugged,Ticino (TI)
105,11,0,1,From 3 to 6 years old,7,Male,8.0,3,B,1,Unplugged,Ticino (TI)
105,12,0,1,From 3 to 6 years old,7,Male,8.0,3,B,1,Unplugged,Ticino (TI)
106,1,2,1,From 3 to 6 years old,6,Female,8.0,3,B,3,Unplugged,Ticino (TI)
106,2,1,1,From 3 to 6 years old,6,Female,8.0,3,B,2,Unplugged,Ticino (TI)
106,3,1,1,From 3 to 6 years old,6,Female,8.0,3,B,2,Unplugged,Ticino (TI)
106,4,1,1,From 3 to 6 years old,6,Female,8.0,3,B,2,Unplugged,Ticino (TI)
106,5,1,1,From 3 to 6 years old,6,Female,8.0,3,B,2,Unplugged,Ticino (TI)
106,6,1,1,From 3 to 6 years old,6,Female,8.0,3,B,2,Unplugged,Ticino (TI)
106,7,1,0,From 3 to 6 years old,6,Female,8.0,3,B,1,Unplugged,Ticino (TI)
106,8,1,0,From 3 to 6 years old,6,Female,8.0,3,B,1,Unplugged,Ticino (TI)
106,9,1,0,From 3 to 6 years old,6,Female,8.0,3,B,1,Unplugged,Ticino (TI)
106,10,1,1,From 3 to 6 years old,6,Female,8.0,3,B,2,Unplugged,Ticino (TI)
106,11,1,2,From 3 to 6 years old,6,Female,8.0,3,B,3,Unplugged,Ticino (TI)
106,12,1,0,From 3 to 6 years old,6,Female,8.0,3,B,1,Unplugged,Ticino (TI)
107,1,2,1,From 3 to 6 years old,7,Male,8.0,3,B,3,Unplugged,Ticino (TI)
107,2,1,1,From 3 to 6 years old,7,Male,8.0,3,B,2,Unplugged,Ticino (TI)
107,3,1,1,From 3 to 6 years old,7,Male,8.0,3,B,2,Unplugged,Ticino (TI)
107,4,1,1,From 3 to 6 years old,7,Male,8.0,3,B,2,Unplugged,Ticino (TI)
107,5,1,1,From 3 to 6 years old,7,Male,8.0,3,B,2,Unplugged,Ticino (TI)
107,6,1,1,From 3 to 6 years old,7,Male,8.0,3,B,2,Unplugged,Ticino (TI)
107,7,1,2,From 3 to 6 years old,7,Male,8.0,3,B,3,Unplugged,Ticino (TI)
107,8,1,2,From 3 to 6 years old,7,Male,8.0,3,B,3,Unplugged,Ticino (TI)
107,9,0,2,From 3 to 6 years old,7,Male,8.0,3,B,2,Unplugged,Ticino (TI)
107,10,1,1,From 3 to 6 years old,7,Male,8.0,3,B,2,Unplugged,Ticino (TI)
107,11,1,1,From 3 to 6 years old,7,Male,8.0,3,B,2,Unplugged,Ticino (TI)
107,12,0,0,From 3 to 6 years old,7,Male,8.0,3,B,0,Unplugged,Ticino (TI)
108,1,2,1,From 3 to 6 years old,7,Male,8.0,3,B,3,Unplugged,Ticino (TI)
108,2,2,1,From 3 to 6 years old,7,Male,8.0,3,B,3,Unplugged,Ticino (TI)
108,3,2,1,From 3 to 6 years old,7,Male,8.0,3,B,3,Unplugged,Ticino (TI)
108,4,2,1,From 3 to 6 years old,7,Male,8.0,3,B,3,Unplugged,Ticino (TI)
108,5,2,1,From 3 to 6 years old,7,Male,8.0,3,B,3,Unplugged,Ticino (TI)
108,6,2,1,From 3 to 6 years old,7,Male,8.0,3,B,3,Unplugged,Ticino (TI)
108,7,2,1,From 3 to 6 years old,7,Male,8.0,3,B,3,Unplugged,Ticino (TI)
108,8,2,2,From 3 to 6 years old,7,Male,8.0,3,B,4,Unplugged,Ticino (TI)
108,9,2,2,From 3 to 6 years old,7,Male,8.0,3,B,4,Unplugged,Ticino (TI)
108,10,2,1,From 3 to 6 years old,7,Male,8.0,3,B,3,Unplugged,Ticino (TI)
108,11,2,1,From 3 to 6 years old,7,Male,8.0,3,B,3,Unplugged,Ticino (TI)
108,12,2,0,From 3 to 6 years old,7,Male,8.0,3,B,2,Unplugged,Ticino (TI)
109,1,2,1,From 3 to 6 years old,7,Male,8.0,3,B,3,Unplugged,Ticino (TI)
109,2,1,1,From 3 to 6 years old,7,Male,8.0,3,B,2,Unplugged,Ticino (TI)
109,3,1,1,From 3 to 6 years old,7,Male,8.0,3,B,2,Unplugged,Ticino (TI)
109,4,1,1,From 3 to 6 years old,7,Male,8.0,3,B,2,Unplugged,Ticino (TI)
109,5,1,1,From 3 to 6 years old,7,Male,8.0,3,B,2,Unplugged,Ticino (TI)
109,6,1,1,From 3 to 6 years old,7,Male,8.0,3,B,2,Unplugged,Ticino (TI)
109,7,1,0,From 3 to 6 years old,7,Male,8.0,3,B,1,Unplugged,Ticino (TI)
109,8,1,0,From 3 to 6 years old,7,Male,8.0,3,B,1,Unplugged,Ticino (TI)
109,9,1,0,From 3 to 6 years old,7,Male,8.0,3,B,1,Unplugged,Ticino (TI)
109,10,1,0,From 3 to 6 years old,7,Male,8.0,3,B,1,Unplugged,Ticino (TI)
109,11,0,0,From 3 to 6 years old,7,Male,8.0,3,B,0,Unplugged,Ticino (TI)
109,12,1,0,From 3 to 6 years old,7,Male,8.0,3,B,1,Unplugged,Ticino (TI)
110,1,2,1,From 3 to 6 years old,6,Male,8.0,3,B,3,Unplugged,Ticino (TI)
110,2,2,1,From 3 to 6 years old,6,Male,8.0,3,B,3,Unplugged,Ticino (TI)
110,3,1,1,From 3 to 6 years old,6,Male,8.0,3,B,2,Unplugged,Ticino (TI)
110,4,2,1,From 3 to 6 years old,6,Male,8.0,3,B,3,Unplugged,Ticino (TI)
110,5,2,1,From 3 to 6 years old,6,Male,8.0,3,B,3,Unplugged,Ticino (TI)
110,6,1,1,From 3 to 6 years old,6,Male,8.0,3,B,2,Unplugged,Ticino (TI)
110,7,1,0,From 3 to 6 years old,6,Male,8.0,3,B,1,Unplugged,Ticino (TI)
110,8,1,1,From 3 to 6 years old,6,Male,8.0,3,B,2,Unplugged,Ticino (TI)
110,9,1,0,From 3 to 6 years old,6,Male,8.0,3,B,1,Unplugged,Ticino (TI)
110,10,1,1,From 3 to 6 years old,6,Male,8.0,3,B,2,Unplugged,Ticino (TI)
110,11,1,1,From 3 to 6 years old,6,Male,8.0,3,B,2,Unplugged,Ticino (TI)
110,12,1,0,From 3 to 6 years old,6,Male,8.0,3,B,1,Unplugged,Ticino (TI)
111,1,2,1,From 3 to 6 years old,7,Male,8.0,3,B,3,Unplugged,Ticino (TI)
111,2,1,1,From 3 to 6 years old,7,Male,8.0,3,B,2,Unplugged,Ticino (TI)
111,3,1,1,From 3 to 6 years old,7,Male,8.0,3,B,2,Unplugged,Ticino (TI)
111,4,1,1,From 3 to 6 years old,7,Male,8.0,3,B,2,Unplugged,Ticino (TI)
111,5,1,1,From 3 to 6 years old,7,Male,8.0,3,B,2,Unplugged,Ticino (TI)
111,6,1,1,From 3 to 6 years old,7,Male,8.0,3,B,2,Unplugged,Ticino (TI)
111,7,1,0,From 3 to 6 years old,7,Male,8.0,3,B,1,Unplugged,Ticino (TI)
111,8,1,0,From 3 to 6 years old,7,Male,8.0,3,B,1,Unplugged,Ticino (TI)
111,9,1,0,From 3 to 6 years old,7,Male,8.0,3,B,1,Unplugged,Ticino (TI)
111,10,1,1,From 3 to 6 years old,7,Male,8.0,3,B,2,Unplugged,Ticino (TI)
111,11,1,1,From 3 to 6 years old,7,Male,8.0,3,B,2,Unplugged,Ticino (TI)
111,12,1,0,From 3 to 6 years old,7,Male,8.0,3,B,1,Unplugged,Ticino (TI)
